index	label	text
0	1	FAKKFAKKFKKFAKKFAKFAFAF
1	1	ICLRLPGC
2	1	FLGSIVGALASALPSLISKIRN
3	1	FGLPMLSILPKALCILLKRKC
4	1	CGESCVWIPCVTSIFNCKCKENKVCYHDKIP
5	1	KLAKLAK
6	1	GLFDIVKKVVGAIGSL
7	1	AKRHHGYKRKFH
8	1	FMPILSCSRFKRC
9	1	GRKKRRQRRRGGWMWVTNLRTD
10	1	GIGKFLKKAKKFAKAFVKMNN
11	1	GIGKFLKKAKKFAKAFVKIINN
12	1	GLMDTIKGVAKTVAASWLDKLKCKITGC
13	1	LLRHVVKILSKYL
14	1	KFKKLAKKF
15	1	TILLEIKNINAD
16	1	GLFKVIKKVAKVIKKL
17	1	FIFHIIKGLFHAGKMIHGLVTRRRH
18	1	ALYKKFKKKLLKSLKRL
19	1	TFRAFLSSRLQDLYSIVRRADRAAV
20	1	AVPDVAFNAYG
21	1	MRKEFHNVLSSGQLLADKRPARDYNRK
22	1	YAIDTILAEIKNINA
23	1	GKWLSLLKHILK
24	1	FVKLKKILNIILSIFKK
25	1	GFLGPLLKLAAKGVAKVIPHLIPSRQQ
26	1	DTHFPICIFCCGCCHRSKCGMCCKT
27	1	HGVSGHGQHGVHG
28	1	CKQSCSFGPFTFVCDGNTK
29	1	GKWMSLLKHILK
30	1	KWKLFKKIPKFLHL
31	1	KWKLFKKIGIGAVLKVLKKG
32	1	FALKALKK
33	1	FLPVVAGLAAKVLPSIICAVTKKC
34	1	CGETCVGGTCNTPGCTCSWPVCTRNGLPV
35	1	AIKLVQSPNGNFAASFVLDGTKWIFKSKYYDSSKGYWVGIYEVWDRK
36	1	KSCCPNTTGRNIYNTCRLGGGSRERCASLSGCKIISASTCPSDYPK
37	1	LKCNKLVPLFYKTCPAGKNL
38	1	KWFKKIPKFLHLAKKF
39	1	CGESCAMISFCFTEVIGCSCKNKVCYLNSIS
40	1	FAKLLAKFLKKAL
41	1	ETWRTEAPSATGQASSLLGGRLLGQ
42	1	AKWVGDLTLCRWR
43	1	KILRGVAKKIMRTFLRRILTGKK
44	1	CGESCVFIPCISTLLGCSCKNKVCYRNGVIP
45	1	SPWPRPTY
46	1	FLSFPTTKTYFPHFDLSHGSAQVKGHGAK
47	1	VALALKALKKL
48	1	GAARKSIRLHRLYTWKATIYTR
49	1	GLFAVIKKVASVIGGL
50	1	CRQSCSFGPLTFVCDGNTK
51	1	FVQWFSKFLGRIL
52	1	GWLKKIGKKIERVGQHTRDATIQTIGVAQQAANVAATLK
53	1	GLFDIVKKVVGALGSL
54	1	FLFPLITSFLSKVL
55	1	GLPVCGETCFGGTCNTPGCSCETWPVCSRN
56	1	FAKKLKKLAKLAKKL
57	1	GTGLPMSERRKIMLMMR
58	1	VALALKALKKALKKLKKALKKAL
59	1	GLLPCAESCVYIPCLTTVIGCSCKSKVCYKN
60	1	VAKLLAKLAKKVL
61	1	FAKLLAKLAKKLL
62	1	PGLGFY
63	1	GFGKAFHSVSNFAKKHKTA
64	1	VECYGPNRPQF
65	1	LKLKSIVSWAKKVL
66	1	FFPIGVFCKIFKTC
67	1	GFFSTVKNLATNVAGTVIDTLKCKVTGGCRS
68	1	FAKKLAKKLKKLAKKLAKKWKL
69	1	KWKKFLKIGIGKFLHLAKKF
70	1	FKRIVQRIKDFLR
71	1	DYPKLTFTTS
72	1	KWKSFLKTFKSAKKTVLHTLLKAISS
73	1	VNWKKILPKIIKVVK
74	1	GLPVCGETCFGGTCNTPGCTCDPWPVCTRN
75	1	FAGLAANFLPTIICKISYKC
76	1	ADRGWIKTLTKDCPNVISSICAGTIITACKNCA
77	1	AANFGPSVFTPEVHETWQKFLNVVVAALGKQYH
78	1	GVPICGETCTLGTCYTAGCSCSWPVCTRN
79	1	EPHPDEFVGLM
80	1	KYKKALKKLAKLL
81	1	GSSSGRGDSPA
82	1	KAAKKAWKAAKKAAKWWKKAA
83	1	AKCIKNGKGCREDQGPPFCCSGFCYRQVGWARGYCKNR
84	1	GLKKLLGKLLKKLGKLLLK
85	1	GIIKKIIKKIIKKIIKKI
86	1	FLKWLFKWAKK
87	1	FAKKLAKLAKKL
88	1	FIFHIIKGLFHAGKMI
89	1	GLFDIVKKVVGTIAGL
90	1	EFTNVSCTTSKECWSVCQRLHNTSRGKCMNKKCRCYS
91	1	LLGDFKRIVQRIKDF
92	1	FLSSIGKILGNLL
93	1	PAWRKARRWARRMKKLAA
94	1	GKWMSLLKKILK
95	1	ALSKALSKALSKALSKALSKALSK
96	1	FLPAVLRVAAKIVPTVFCAISKKC
97	1	ATCDLLSGFGVGDSACAAHCIARGNRGGYCNSKKVCVCPI
98	1	GLFAVIKKVASVIKGL
99	1	KWFKKIPKFLHLLKKF
100	1	GFMDTAKNVAKNVAVTLIDNLKCKITKAC
101	1	RKGWFKAMKSIAKFIAKEKLKEHL
102	1	GLFDIIKKIAESF
103	1	FVKLKKIANIINSIFKK
104	1	FLPLIAGLAANFLPKIFCAITKKC
105	1	RAGLQFPVGRLLRRLLRRLLR
106	1	LLRHVVKILEKYL
107	1	GLFDKLKSLVSDF
108	1	AIGSILGALAKGLPTLISWIKNR
109	1	FLPIASLLGKYL
110	1	KISKRILTGKK
111	1	FLPLAVSLAANFLPKLFCKITKKC
112	1	KRAKAAGGWSHWSPWSSC
113	1	AVLDILKDVGKGLLSHFMEKV
114	1	GLPVCGETCVGGTCNTPGCACSWPVCTRN
115	1	ACIKNGGRCVASGGPPYCCSNYCLQIAGQSYGVCKKH
116	1	FLPLLLAGLPKLLCLFFKKC
117	1	GLFVGVLAKVAAHVVPAIAEHF
118	1	VNWKKIILGKIIKVVK
119	1	KILRGVAKKIMRTFLRRISKDILTGKK
120	1	FLFRVASKVFPALIGKFKKK
121	1	CIAKGNGCQPSGVQGNCCSGHCHKEPGWVAGYCK
122	1	AGECVQGRCPSGMCCSQFGYCGRGPKYCGR
123	1	ALLGDFFRKSKEKIGKEFKRIVQRIKDFLRNLVPRTES
124	1	CANSCSYGPLTWSCDGNTK
125	1	DFGCGQGMIFMCQRRCMRLYPGSTGFCRGFRCMCDTHIPLRPPFMVG
126	1	FLSLIPKLVKKIIKAFK
127	1	FFSLLPSLIGGLVSAIK
128	1	VNWKKILAKIIKVVK
129	1	FLSAITSLLGKLL
130	1	AAVPIVNLKDELLFPSWEALFSGSE
131	1	FAKIIAKIAKIAKKIL
132	1	LVPCLPGC
133	1	ATCDLLSGTGINHSACAAHCLLRGNRGGYCNGKAVCVCRN
134	1	KKVVFKVKFK
135	1	PGMGIYLPM
136	1	FLGMIPKLIKKLIKAFK
137	1	GLFDIVKKIAGHIVSSI
138	1	GIPCAESCVWIPPCTITALMGCSCKNNVCYNN
139	1	GIPCAESCVWIPCTVTALIGCGCSNKVCYN
140	1	FKVKFKVKVK
141	1	FALKALKKAL
142	1	GLFDVIKKVASVIKKL
143	1	GLFSVLGAVAKHVLPHVVPVIAEKL
144	1	KAFWGLQH
145	1	VYWKKILGKIIKVVK
146	1	GFGCPNNYQCHRHCKSIPGRCGGYCGGWHRLPCTCYRCG
147	1	LKKLAKLALAF
148	1	FAKLFAKLAKKFAL
149	1	KRLRRVWRRWR
150	1	FAKLLAKALKKFAL
151	1	FLLFPLMCKIQGKC
152	1	ASIVKTTIKASKKLCRGFTLTCGCHFTGKK
153	1	CTGAAGGTGCTGTCCCAGAT
154	1	GFMKYIGPLIPHAVKAISDLI
155	1	DHYNCVSSGGQCLYSACPIFTKIQGTCYRGKAKCCK
156	1	FAKFLAKFLKKAL
157	1	GLFAVIKKVAAVIRRL
158	1	FKRIVQRIKDFLRNLV
159	1	FFGHLFKLATKIIPSLFQ
160	1	FAKLFAKAFKKAL
161	1	KAAKKWAKAAKKWAKAWKKAA
162	1	AFKLLGRIIHHVGNFVYGFSHVF
163	1	PAWRKAFRWAWRMKKLAA
164	1	GLFDIVKKVVGAFGSL
165	1	GVGSPYVSRLLGICL
166	1	FLPLLASLFSGLF
167	1	ILRWPWWPWRRK
168	1	GLPTCGETCTLGTCYVPDCSCSWPICMKN
169	1	KAQIRAMECNIL
170	1	FLPLVTMLLGKLF
171	1	KTCENLADTY
172	1	KAAKKAWKWAKKAAKWAKKAA
173	1	LLGDFFRKSKEKIGKEFKRIVQRIKDFLRNLVPRTES
174	1	FAKKLAKLALKLAKL
175	1	PRFWEYWLRLME
176	1	VAKLLAKLAKKLL
177	1	GLLGPLLKIAAKVGSNLL
178	1	AKKVFKRLEKLFSKIQNDK
179	1	RFRLPFRRPPIRIHPPPFYPPFRRFL
180	1	MPKEKVFLKIEKMGRNIRN
181	1	EPNPDEFFGLM
182	1	ATRVVYCNRRSGSVVGGDDTVYYEG
183	1	GGLRSLGRKILRAWKKYGPIIVPIIRI
184	1	FLSLIPHIVSGVASIAKHF
185	1	DDTPSSRCGSGGWGPCLPIVDLLCIVHVTVGCSGGFGCCRIG
186	1	CIPMAWAVSWPHP
187	1	DYDWSLRGPPKCATYGQKCRTWSPRNCCWNLRCKAFRCRPR
188	1	GWRTLLKKAEVKTVGKLALKHYL
189	1	GLFDIVKKIAGHIA
190	1	GLFDIIKKIAESI
191	1	FAKLLKLAAKKLL
192	1	MPKWKVFKKIEKVGRNIRNGIVKAGPAIAVLGEAKALG
193	1	GIGKFLKKAKKFGKAFVKILKK
194	1	GMWSKLLGHLLR
195	1	FALLKL
196	1	VNWKKILKKIIKVVK
197	1	GAIKDALKGAAKTVAVELLKKAQCKLEKTC
198	1	YAIDTILLEIKNINAD
199	1	GFFALIPKIISSPLFKTLLSAVGSALSSSGGQE
200	1	GSIPCGESCVFIPCISAIIGCSCSSKVCYKN
201	1	FLPILGKLLSGIL
202	1	ENFFKEIERAGQRIRDAIISAAPAVETLAQAQKIIKGGD
203	1	FAKALAKLAKKLL
204	1	ECRRLCYKQRCVTYCRGR
205	1	ALKAALLAILKIVRVIKK
206	1	HSHRDFQPVLHLVALNSPLSGGMRG
207	1	FFRLLFHGVHHVGKIKPRA
208	1	ALWMTLLKKVLKAAAKALNAVLVGANA
209	1	FAFAKIIAKIAKKII
210	1	KIAKVALAKLGIGAVLKVLTTGL
211	1	KWKLFKKKTKLFKKFAKKLAKKL
212	1	FFRHLFRGAKAIFRGARQGWRAHKVVSRYRNRDVPETDNNQEEP
213	1	RGDLLRHVVKILSKYL
214	1	KWLRRVWRWWR
215	1	GSIPCGESCVFIPCISSVIGCACKSKVCYKN
216	1	GADFQECMKEHSQKQHQHQG
217	1	NVWKKILGKIIKVVK
218	1	PAWAKAFRAAARMKLKAA
219	1	EGGGPQWAVGHFM
220	1	FAKLWAKLAKKL
221	1	MRKWFHNVLSSGQLLADKWPAWDYNRK
222	1	FFGAIAAALPHVISAIKNAL
223	1	KAAKKAWKAWKKAAKAAWKKAA
224	1	KWKSFAKTFKSAKKTVLHTALKAISS
225	1	GFGCPLNQGACHNHCRSIGRRGGYCAGIIKQTCTCYRK
226	1	MPRWRLFRRIDRVGKQIKQGILRAGPAIALVGDARAVG
227	1	KWKLFKKIGIGKFKLAKKF
228	1	GSIPCEGSCVFIPCISAIIGCSCSNKVCYKN
229	1	PRFWEYALRLME
230	1	GFGCNGPWDEDDMQCHNHCKSIKGYKGGYCAKGGFVCKCY
231	1	VAKALKALLKALKAL
232	1	FAVGLRAIKRALKKLRRGVRKVAKDL
233	1	KWKLFKKIPKFLHLAK
234	1	KTCENLADTFRGPCFATSNC
235	1	FISAIASFLGKFL
236	1	GIPCGESCVFIPCITAAIGCSCKSKVCYRN
237	1	FLSLIPHAINAVSALANHG
238	1	MWKEFHNVLSSGQLLADKRWARWYNRW
239	1	KAKLF
240	1	FAKLLAKLAKK
241	1	GLLSVLGSVAKHVLPHVVPVIAEHL
242	1	FKVQNQHGQVVKIFHH
243	1	FAKIIAKIAKKI
244	1	FLGALAKIISGIF
245	1	GFKDWIKGAAKKLIKTVASSIANQ
246	1	SWLSKTAKKLENSAKKRISEGIAIAIQGGPR
247	1	FIGTALGIASAIPAIVKLFK
248	1	VNWKKILGKIKKVVK
249	1	WKLFKKIPKFLHLAKKF
250	1	FALALKALKKLLKKLKKLAKKAL
251	1	VALALKALKKLAKKLKKLAKKAL
252	1	FLGALFHALSKLL
253	1	GLVTSLIKGAGKLLGGLFGSVTGGQS
254	1	ELCEKASQTWSGTCGKTKHCDDQCKSWEGAAHGACHVRDGKHMCFCYFNC
255	1	GLPVCGETCFTGTCYTNGCTCDPWPVCTRN
256	1	FLPIVGRLISGLL
257	1	ACSAG
258	1	KWKLFKKIPLAKKF
259	1	KAFDITYVRLKF
260	1	FLGWLFKWAWK
261	1	DAEFRHDSGYEVHHQKLVFFAEDVGSNKGAIIGLMVGGVVIA
262	1	FVDLKKIANIINSIF
263	1	DCYCRIPACIAGERRYGTCIYQGRLWAFCC
264	1	KWKLFKKIPLHLAKKF
265	1	ALWKTLLKNVGKAAGKAALNAVTDMVNQ
266	1	GFGMALKLLKKVL
267	1	LRVRLASHLRKLRKRLLRDADDLQKRLAVY
268	1	ASSSYPLIHWRPWAR
269	1	GFCRCLCRRGVCRCICTR
270	1	LMMLILAMNRKDKKKEKK
271	1	FLSAIASMLGKFL
272	1	DLRFWNPREKLPLPTLPPFNPKPIYIDMGNRY
273	1	KWKLFKKALKKLKKALKKAL
274	1	FAKAIAKIAFGKGIGKVGKKLL
275	1	KAYARIGNSYFK
276	1	QETFSDLWKLLP
277	1	KWWKKAAKAAKKAAKAAKKWA
278	1	DDALRRLLRRLLRRL
279	1	ACYCRIPACFAGERRYGTCFYLGRVWAFCC
280	1	RLFDKIRQVIRKF
281	1	FAKLLAKLAK
282	1	GLFGVLAKVAAHVVPAIAEHF
283	1	GLFDIIKKVASVVGGL
284	1	TCCATGACGTTCCTGACGTT
285	1	ALWKDILKNAGKAALNEINQLVNQ
286	1	YGRKKRRQRRRREADFFWSLCTADMS
287	1	FAKKLAKKLAKAL
288	1	GIGDPVTCLKSGAICHPVFCPRRYKQIGTCGLPGTK
289	1	GQVWEATATVNAIRGSVTPAVSQFNARTAD
290	1	GMWKKILGHLIR
291	1	KWKSFLKTFKSAKKTVAHTALKAISS
292	1	AKIPIKAIKTVGKAVGKGLRAINIASTANDVFNFLKPKKRKA
293	1	NYQWVPYQGRVPYPRGGLLKLLKKLLKKLLKL
294	1	GLMSSIGKALGGLIVDVLKPKTPAS
295	1	AGWGSIFKHIFKAGKFIHGAIQAHND
296	1	KWKLFKKIPKFLHLAKK
297	1	QAGGQTCPGGICCSQWGYCGTTADYCSPNNNCQSNCWASG
298	1	GKWMTLLKHILK
299	1	LLGDFFRKSKEK
300	1	GFGCPGNQLKCNNHCKSISCRAGYCDAATLWLRCTCTDCNGKK
301	1	FCTMIPIPRCY
302	1	FAKKLAKLAKKLAKLAL
303	1	FLPLIGKILGTIL
304	1	GLFAVIKKVAKVIKKL
305	1	FIHHIFRGIVHAGRSIGRFLTG
306	1	PAARKAARWAWRMLKKGA
307	1	FAKKLAKKLKKLAKLALAK
308	1	IVRRADRAAVP
309	1	GLLSVLGSVAQHVLPHVVPVIAEHL
310	1	KWKLFKKIPHLAKKF
311	1	ATCDLLSKWNWNHTACAGHCIAKGFKGGYCNDKAVCVCRN
312	1	FALALKALKKLAKKLKKLAKKAL
313	1	CAAGTACTCAGTGTGGA
314	1	WALAL
315	1	GKWMKLLKHILK
316	1	VAKKLAKLAKKLLAL
317	1	FLPLIGRVLSGIL
318	1	KWKLAKKALALL
319	1	GCASRCKAKCAGRRCKGWASASFRGRCYCKCFRC
320	1	GIPCGESCVFIPCLTSAIDCSCKSKVCYRN
321	1	KFKKLAKKW
322	1	DWTAWSALVAAACSVELL
323	1	FLPLLAGLAANFLPTIICKISYKC
324	1	PLLQATLGGGS
325	1	DPVTYIRNGGICQYRCIGLRHKIGTCGSPFKCCK
326	1	RRRRRRRRGEDIIRNIARHLAQVGDSMDR
327	1	FLGALFKALSHLL
328	1	FAKKLAKKLKKLAKKLAKLAKKL
329	1	KWKLFKKIGIGKFLHSAKKF
330	1	KWKSFLKTFKSLKKTVLHTLLKLISS
331	1	DLRFLYPRGKLPVPTLPPFNPKPIYIDMGNRY
332	1	FAKLLAKAFKKAL
333	1	GVPVCGETCFGGTCNTPGCSCDPWPVCSRN
334	1	FIGLLISAGKAIHDLIRRRH
335	1	KWKLFKKIPKFLH
336	1	PAWFKARRWAWRMKKLAA
337	1	VNWKKILGKIIKVVK
338	1	FLPIVAKLLSGLL
339	1	KWKLFKKIPFLHLAKKF
340	1	FAKLA
341	1	FLPIVTNLLSGLL
342	1	MWKWFHNVLSSGQLLADKWWAWWYNWW
343	1	KLLLKLKLKLLK
344	1	CSTNTFSLSDYWGNNGAWCTLTHECMAWCK
345	1	KWKLFKKIPKFLHLAKKF
346	1	GKWSKILGHLIR
347	1	FELDRICGYGTARCRKKCRSQEYRIGRCPNTYACCLRKWDESLLNRTKP
348	1	FAKKALKALKKL
349	1	FLGALFKVASKVLPSVFCAITKKC
350	1	FAKLLAKLAKKGL
351	1	FDIVKKIAGHIVSSI
352	1	GFKMALKLLKKVL
353	1	KSCCPNTTGRNIYNTCRFGGGSRQVCASLSGCKIISASTCPSDYPK
354	1	GMWSKILGHLIR
355	1	KWKLFKKIGPGKFLHSAKKF
356	1	GIGKFLHAAKKFAKAFVAEIMNS
357	1	AALKGCWTKSIPPKPCFGKR
358	1	ALSILKGLEKLAKMGIALTNCKATKKC
359	1	KLLLKLLKKLLKLLKKK
360	1	ACYCRIPACIAGERRYGTCIYQGRLWAFCC
361	1	GVPICGETCVGGTCNTPGCSCSWPVCTRN
362	1	RGDLLRHVVKILEKYL
363	1	PPPEE
364	1	CCTAAGCCCTTGTGGTGTGT
365	1	VAKALAKALLKALKAL
366	1	PAWRKAFRWAKRMLKKAA
367	1	DIQIPGIKKPTHRDIIIPNWNPNVRTQPWQRFGGNKS
368	1	VYINKLTPPCGTMYYACEAV
369	1	FAKLLAKALKKAL
370	1	LTAEHYAAQATS
371	1	GMWKKILGKLIR
372	1	FAKKLAKKLAKLL
373	1	TTGGTCCTTCAAGAGCTG
374	1	HTLLTPRR
375	1	VAKKLAKLAKKLAKLALAL
376	1	ATCDLASGFGVGSSLCAAHCIARRYRGGYCNSKAVCVCRN
377	1	GLPVCGETCVGGTCNTPGCGCSWPVCTRN
378	1	IPCGESCVWIPCISGMFGCSCKDKVCYS
379	1	IFLLWQR
380	1	FALALKLKKL
381	1	VAKKLAKLAKKLAKLAL
382	1	GFGSLLGKALRLGANVL
383	1	KWKSFLKTFKSAKKTVLHTALKAISS
384	1	CHHNLAHAC
385	1	GFGCPFNQYECHAHCSGVPGYKGGYCKGLFKQTCNCY
386	1	GRENYHGCTTHWGFTLC
387	1	KLLRLLKKLLRLLLK
388	1	FLGLLFHGVHHVGKWIHGLIHGHH
389	1	HTMYYHHYQHHL
390	1	GEFLKCGESCVQGECYTPGCSCDWPICKKN
391	1	YHWYGYTPQNVIGGGKLLLKLLKKLLKLLKKK
392	1	GMWSKILKHLIR
393	1	FLPIITNLLGKLL
394	1	GLPICGETCVGGTCNTPGCSCSWPVCTRN
395	1	GLFDVIKKVASVIKGL
396	1	KNWKKILGKIIKVVK
397	1	FAKKLAKKLKKLAKKLAK
398	1	RYPAGLPFL
399	1	FLGMIPGLIGGLISAFK
400	1	FLPLVGKILSGLI
401	1	GSIPCGESCVFIPCISAVIGCSCSNKVCYKN
402	1	FFGTALKIAANILPTAICKILKKC
403	1	GLLQTIKEKLESLESLAKGIVSGIQA
404	1	CAGAGTGGGAGAGGCAAGAC
405	1	VNWRRILGRIIRVVR
406	1	HHPHG
407	1	FAKKLAKLAKKLLAL
408	1	AQCGAQGGGATCPGGLCCSQWGWCGSTPKYCGAGCQSNCK
409	1	IGKEFKRIVQRIKDFLRNLVPRTES
410	1	FLPIIAGVAAKVLPKIFCAISKKC
411	1	IPCGESCVWIPCITAIAGCSCKNKVCYT
412	1	DHYICAKKGGTCNFSPCPLFNRIEGTCYSGKAKCCIR
413	1	FKCRRWQWRMKK
414	1	FAKLLAKLAKKL
415	1	DSHEERRQGRHGHHEYGRKFHEKHHSHRGY
416	1	FLGGLMKAFPAIICAVTKKC
417	1	FAKLLAKLAKAKA
418	1	DFKLFAVTIKYR
419	1	RYLGYL
420	1	FIGPIISALASLFG
421	1	FALAAKALKKLAKKLKKLAKKAL
422	1	FALALKLAKKAL
423	1	PAARKAFRWAWRMLKKAA
424	1	GIPCGESCVWIPCISSAIGCSCKSKVCYRN
425	1	GIIKKIIIKKI
426	1	FLGALIKGAIHGGRFIHGMIQNHH
427	1	FALALKALKKL
428	1	KWKLFKKIGIGKFLHSATTF
429	1	FFGSVLKLIPKIL
430	1	DFKDWMKTAGEWLKKKGPGILKAAMAAAT
431	1	KTKLFKKFAKKLAKKLKKLAKKL
432	1	GDACGETCFTGICFTAGCSCNPWPTCTRN
433	1	HPTWPQKSVWHGSDPNGRRLTESY
434	1	KLKNFAKGVAQSLLNKASCKLSGQC
435	1	DFASCHTNGGICLPNRCPGHMIQIGICFRPRVKCCRSW
436	1	GFGMALRLLRRVL
437	1	GKWMSLLKHIWK
438	1	KAAKKWAKAWKKAAKAWKKAA
439	1	ALWKNMLKGIGKLAGQAALGAVKTLVGAE
440	1	FAKLLAKALKKL
441	1	RKKRRQRRR
442	1	GFGCPNNYACHQHCKSIRGYCGGYCAGWFRLRCTCYRCG
443	1	LIAHNQVRQV
444	1	GIGKFLHSAKKFGKAFVGEIMNS
445	1	KLAKKLAKLAKLAKAL
446	1	FAKKLAKKLAKLAL
447	1	PRFWEYWLRLAE
448	1	FALALKLAKKL
449	1	FLPAIAGILSQLF
450	1	GFLDIIKDTGKEFAVKILNNLKCKLAGGCPP
451	1	KIFGSLAFL
452	1	FALKALKKLKKALKKAL
453	1	RQVFQVAYIIIKA
454	1	GKWMSLLKHWLK
455	1	AAKKWAKAKWAKAKKWAKAA
456	1	GKWKSLLKHILK
457	1	KWKLFAKIGIGKFLHLAKKF
458	1	GLFDIAKKVIGVIGSL
459	1	KKKFPWWWPFKKK
460	1	GFGCPFNQGACHRHCRSIRRRGGYCAGLFKQTCTCYR
461	1	GLFVGLAKVAAHNNPAIAEHFQA
462	1	FLKLLAGLLKNFA
463	1	GFIFHIIKGLFHAGKMIHGLV
464	1	KLKNFAIGVAQSLLNKASCKLSGQC
465	1	GLLDIVKKVVGAFGSL
466	1	KAQIRAMECNILGRKKRRQRRR
467	1	EIRLPEPFRFPSPTVPKPIDIDPILPHPWSPRQTYPIIARRS
468	1	FAKLLAKLAKAKL
469	1	FVPYNPPRPYQSKPFPSFPGHGPFNPKIQWPYPLPNPGH
470	1	KSCCPNTTGRNIYNTCRFAGGSRERCAKLSGCKIISASTCPSDYPK
471	1	TCGTCCTGAGGAGAGAGAGC
472	1	LFGMALKLLKKVL
473	1	RWGKWFKKATHVGKHVGKAALTAYL
474	1	KWKSFLKTFKSAKKTVAHTAAKAISS
475	1	CTFTLPGGGGVCTLTSECIC
476	1	HHPHGHHPHGHHPHG
477	1	DTVACRIQGNFCRAGACPPTFTISGQCHGGLLNCCAKIPAQ
478	1	RLVSYNGIIFFLK
479	1	GKWMSLWKHILK
480	1	FKKLKKIANIINSIFKK
481	1	GIKCRFCCGCCTPGICGVCCRF
482	1	YPFPG
483	1	CHHNATHAC
484	1	NKWKKILGKIIKVVK
485	1	GMWSKILGKLIR
486	1	FALLKALKKAL
487	1	ALWKTMLKKLGTMALHAGKAALGAAADTISQGTQ
488	1	FLPILASLAATLGPKLLCLITKKC
489	1	GRFKRFRKKFKKLFKKLSPVIPLLHLG
490	1	AWKKWAKAWKWAKAKWWAKAA
491	1	RRRRRWCMNW
492	1	DCLSGKYKGPCAVWDNEMCRRICKEEGHISGHCSPSLKCWCEGC
493	1	KSCCPNTTGRNIYNTCRLTGSSRETCAKLSGCKIISASTCPSNYPK
494	1	FAKLWAKLAFGKGIGKVGKKLL
495	1	NHFTLKCPKTALTEPPTLAY
496	1	KWKLFKKIGIGAVLKVLTTG
497	1	GLFSVLGAVAKHVLPHVVPVIAEK
498	1	ELPKLPDDKVLIRSRSNCPKGKVWNGFDCKSPFAFS
499	1	ACDTATCVTHRLAGLLSRSGGVVKNNFVPTNVGSKAF
500	1	FALAKKALKKAKKAL
501	1	RQIKIWFQNRRMKWKK
502	1	DFKLFAVYIKYR
503	1	KWKLFKKIPLKKF
504	1	FALLKALLKKAL
505	1	AFTCHCRRSCYSTEYSYGTCTVMGINHRFCCL
506	1	MTLTG
507	1	FALALKKALKALKKAL
508	1	FKLAFKLAKKAFL
509	1	LTFEHYWAQLTS
510	1	ETFSDLWKLL
511	1	KWCFRVCYRGICYRRCR
512	1	WFKKIPKFLHLAKKF
513	1	AYPGNGVHCGKYSCTVDKQTAIGNIGNNAA
514	1	GLPVCGETCFGGTCNTPGCSCDPWPMCSRN
515	1	ELCEKASKTWSGNCGNTGHCDNQCKSWEGAAHGACHVRNGKHMCFCYFNC
516	1	GLFDVIKKVAAVIGGL
517	1	GFGSKPLDSFGLNFF
518	1	GFKLKGMARISCLPNGQWSNFPPKCIRECAMVSS
519	1	FAKALKALLKALKAL
520	1	DVKGMKKAIKGILDCVIEKGYDKLAAKLKKVIQQLWE
521	1	KSCCRNTWARNCYNVCRLPGTISREICAKKCDCKIISGTTCPSDYPK
522	1	GFFALIPKIISSPLFKTLLSAVGSALS
523	1	FAFGKGIGKIGKKGL
524	1	SIGAKILGGVKTFFKGALKELASTYLQ
525	1	GKWMSFLKHILK
526	1	RALWGLQH
527	1	GETFDKLKEKLKTFYQKLVEKAEDLKGDLKAKLS
528	1	FMPIIGRLMSGSL
529	1	FLPAIFRMAAKVVPTIICSITKKC
530	1	ADTLACRQSHQSCSFVACRAPSVDIGTCRGGKLKCCKWAPSS
531	1	FAKLLAKLAKKVL
532	1	FVLPLVMCKILRKC
533	1	GKWSKILGKLIR
534	1	CHHALTHAC
535	1	EVWRLAEFLAMPP
536	1	GVIPCGESCVFIPCISSVLGCSCKNKVCYRD
537	1	KWKLFKKIKFLHSAKKF
538	1	GLPVCGETCAGGTCNTPGCSCSWPICTRN
539	1	FFPIIAGMAAKLIPSLFCKITKKC
540	1	MPFLFCNVNDVCNFASRNDYSCNYYSNSYSFWLASLNPER
541	1	KLALKLALKALKAAKLA
542	1	GFKDLLKGAAKALVKTVLF
543	1	FAKKLAKKLKKLAKKLAKLALALKALALKAL
544	1	FLGGILNTITGLL
545	1	GIIKKIIIKKIIIKKI
546	1	ESVFSKIGNAVGPAAYWILKGLGNMSDVNQADRINRKKH
547	1	KWKKLLKKPPPLLKKLLKKL
548	1	FLPLLFGAISHLL
549	1	APPGARPPPGPPPPGPPPPGP
550	1	FKDLKKIANIINSIFKK
551	1	IAAHDTPGPVWLS
552	1	TILAEIKNINAD
553	1	ARLKKCFNKVTGYCRKKCKVGERYEIGCLSGKLCCAN
554	1	TAGIKLTVPIEKFPVTTQTFWG
555	1	KILRGVAKKILRTFLRRISKDILTGKK
556	1	AGCIKNGGRCNASAGPPYCCSSYCFQIAGQSYGVCKNR
557	1	GIGGKILSGLKTALKGAAKELASTYLH
558	1	FAKLLAKLAKAKG
559	1	FLPIIASVAAKVFSKIFCAISKKC
560	1	KWKLFKKIPKFLHSAKKF
561	1	FAKLLAKLAKKEL
562	1	GIPCGESCVFIPCITGAIGCSCKSKVCYRN
563	1	FAKLF
564	1	PRFWEAWLRLME
565	1	HHPHGHHPHG
566	1	GAFGNFLKGVAKKAGLKILSIAQCKLFGTC
567	1	THRPPMWSPVWPGGGKLLLKLLKKLLKLLKKK
568	1	GIGGVLLSAGKAALKGLAKVLAEKYAN
569	1	ESEFDRQEYEECKRQCMQLETSGQMRRCVSQCDKRFEEDIDWSKYDNQD
570	1	GIPCGESCVFIPCISSVIGCSCSSKVCYRN
571	1	RKAFRWAWRMLKKAAPSITCVR
572	1	ATCDLLSGTGVKHSACAAHCLLRGNRGGYCNGRAICVCRN
573	1	CHHNLTAAC
574	1	LGQSAASAHHAYIVLAIENSFMTASKKK
575	1	PAWRKAFRAAWRMLKKAA
576	1	KWKLFKKIPKFLHLA
577	1	AAKPMGITCDLLSLWKVGHAACAAHCLVLGDVGGYCTKEGLCVCKE
578	1	KLCGETCFKFKCYTPGCSCSYPFCK
579	1	FLPPSPWKETFRTS
580	1	GIPCAESCVWIPCTVTALVGCSCSDKVCYN
581	1	PRFWEYWLRAME
582	1	FLPVLAGIAAKVVPALFCKITKKC
583	1	GLFGVLGSIAKHVLPHVVPVIAEKL
584	1	FAKLAKKLL
585	1	RWKIFKKIEKMGRNIRDGIVKAGPAIEVLGSAKAIGK
586	1	GRKKRRQRRR
587	1	KLLKLLLKLYKKLLKLL
588	1	VAKLLAKALKKLL
589	1	KKKKKEGKKQ
590	1	FALALKA
591	1	GCSRWIIGIHGQICRD
592	1	LPKWKVFKKIEKVGRNIRNGIVKAGPAIAVLGEAKALG
593	1	AMVGT
594	1	KAAKKAWKAAKKAWKAAKKAA
595	1	GLFKVLGSVAKHLLPHVAPVIAEK
596	1	AAWKWAWAKKWAKAKKWAKAA
597	1	FDIVKKVVGTIAGL
598	1	RRRRRNWMWC
599	1	ATPATPTVAQFVIQGSTICLVC
600	1	FAKLLAKALKKFL
601	1	DQYKCLQHGGFCLRSSCPSNTKLQGTCKPDKPNCCKS
602	1	PRAWEYWLRLME
603	1	ATRSYGNGVYCNNSKCWVNWGEAKENIAGIVISGWASGLAGMGH
604	1	ERRP
605	1	KWKSFLKTFKSLKKTVLHTLLKAISS
606	1	DKLIGSCVWGATNYTSDCNAECKRRGYKGGHCGSFWNVNCWCEE
607	1	ACDCRGDCFCGGGGIVRRADRAAVP
608	1	FIITGLVRGLTKLF
609	1	ATCDLLSGIGVQHSACALHCVFRGNRGGYCTGKGICVCRN
610	1	KWKFKKIPKFLHLAKKF
611	1	FFPMLAGVAARVVPKVICLITKKC
612	1	GLFDVIKKVASVIGGL
613	1	KILRGVAKKIMRTFLRRISKKILTGKK
614	1	TRSSRAGLQFPVGRVHRLLRK
615	1	GNFRYLAPP
616	1	KRFKQDGGASHASPASS
617	1	YSL
618	1	FLPAIVGAAAKFLPKIFCAISKKC
619	1	FASLLGKALKALAKQ
620	1	FVKLKKILNIINSIFKK
621	1	FAKLLAKALKLKL
622	1	ALFSILRGLKKLGNMGQAFVNCKIYKKC
623	1	FAKGVGKVGKKAL
624	1	GLLGLLGSVVSHVLPAITQHL
625	1	FLPIIGKLLSGLL
626	1	FLSLIPSLVGGSISAFK
627	1	FAKLLALALKLKL
628	1	WKKIPKFLHLAKKF
629	1	FAKKLAKKLKKLAKKLIGAVLKV
630	1	ALWKTIIKGAGKMIGSLAKNLLGSQAQPES
631	1	GASCGETCFTGICFTAGCSCNPWPTCTRN
632	1	FKLFKKIPKFLHLAKKF
633	1	FAKKLAKKLKKLAKKLAKLALAL
634	1	FAKLLAKLAKLKL
635	1	MRGIRGADFQAFQQARAVGLAGTFR
636	1	FAKLLFKALKKAL
637	1	FALALKAKKL
638	1	CYTQYRKCQELTA
639	1	GLPVCGETCFGGTCNTPGCSCTWPICTRD
640	1	ATYYGNGLYCNKEKCWVDWNQAKGEIGKIIVNGWVNHGPWAPRR
641	1	FAKKLAKLAKKLAKAL
642	1	GCWSTVLGGLKKFAKGGLEAIVNPK
643	1	CGESCVFIPCITSVAGCSCKSKVCYRNGIP
644	1	FLPLLASLFSRLL
645	1	GFGCPLDQMQCHRHCQTITGRSGGYCSGPLKLTCTCYR
646	1	FLPKTLRKFFCRIRGGRCAVLNCLGKEEQIGRCSNSGRKCCRKKK
647	1	KWKKLAKKW
648	1	FAKKLAKLAKKALAL
649	1	GFGSLFKFLAKKVAKTVAKQAAKQGAKYIANKQTE
650	1	FLGALFKVASKVLPSVKCAITKKC
651	1	GIACGESCVFLGCFIPGCSCKSKVCYFN
652	1	FAKKLAKKLKKLAKLALAL
653	1	FWGHIWNAVKRVGANALHGAVTGALS
654	1	FALAKLAKKAKAKLKKALKAL
655	1	KSCCPSTTARNIYNTCRLTGASRSVCASLSGCKIISGSTCDSGWNH
656	1	AFGMALKLLKKVL
657	1	FAKLLAKKLL
658	1	ATAVDFGPHGLLPIRPIRIRPLCGKDKS
659	1	YAKLLAKLAKKAL
660	1	FAKKLAKLAKKLAKLALAL
661	1	KQLIRFLKRLDRNGGGKLLLKLLKKLLKLLKKK
662	1	GKWKKILGHLIR
663	1	DEVD
664	1	VNWKKLLGKLLKVVK
665	1	EKKPPRPPQWAVGHFM
666	1	KWKLFKKISKFLHLAKKF
667	1	KWKLFKKILKFLHLAKKF
668	1	ALWKNMLKGIGKLAGQAALGAVKTLVGA
669	1	PAWFKARRWAWRMLKKAA
670	1	KSCCKNTTGRNIYNTCRFAGGSRERCAKLSGCKIISASTCPSDYPK
671	1	FITLLLRKFICSITKKC
672	1	GFGCPNDYPCHRHCKSIPGRAGGYCGGAHRLRCTCYR
673	1	FLPLLLAGLPLKLCFLFKKC
674	1	CHHNLTHAC
675	1	FLPLIAGLIGKLF
676	1	GLPVCGETCVGGTCNTPGCSCSWPVCTRN
677	1	GLFAVIKKVAAVIKKL
678	1	CIWVSDGKKLWRH
679	1	KVKVKVKVPPTKVKVKVK
680	1	GIIKKIIKKI
681	1	MWKWFHNVLSSWQLLADKRPARDYNRK
682	1	APGNKAECEREKGYCGFLKCSFPFVVSGKCSRFFFCCKNIW
683	1	FLPILAGLAAKIVPKLFCLATKKC
684	1	GFFKKAWRKVKHAGRRVLDTAKGVGRHYVNNWLNRYR
685	1	PAWRKAFRKAWRMLKKAA
686	1	VNWKKVLGKIIKVAK
687	1	AREASKSLIGTASCTCRRAWICRWGERHSGKCIDQKGSTYRLCCRR
688	1	LLAGLAANFLPTIICKISYKC
0	0	LKKLLKWLLKLLK
1	0	SFLTSFKDMAIKVAKDAGVNILNTISCKIFKTC
2	0	NSGGAAVVAALGCAAGGVKYGRLLGPWGAAIG
3	0	NIPQLTPTP
4	0	SFLSTFKELAINAAKNAGQSLLHTLSCKLDKTC
5	0	DPVTCLKNGAICHPVFCPRRYKQIGTCGLPGTKCCK
6	0	SNDSLWYGVGQFMGKQANCITNHPVKHMIIPGYCLSKILG
7	0	LFGFLIPLLPHIIGAIPQVIGAIR
8	0	WLGSALKIGAKLLPSVVGLFKKKKQ
9	0	RWKVFKKIEKMGRNIRDGIVKAGPAIEVLGSAKALGK
10	0	TLYRRFLCKKMKGRCETACLSFEKKIGTCRADLTPLCCKEKKKH
11	0	KWKSFKKKLTSKFLHSAKKF
12	0	ASGWVCTLTIECGTVICAC
13	0	NIWKKIASIAKEVLKAL
14	0	KPWERL
15	0	ALWKTMLKKLGTVALHAGKAALGAAADTISQGA
16	0	RRAAVVLIVIRR
17	0	DLFQVIKEKLKELTGGVIEGIQGV
18	0	RWKVFKKIEKVGRNIRDGVIKAAPAIEVLGQAKAL
19	0	CIKNGNGCQPNGSQGNCCSGYCHKQPGWVAGYCRRK
20	0	KKSYPEYGSLDLRKECKMRRGHCKLQCSEKELRISFCIRPGTHCCM
21	0	GLLSGILGAGKHIVCGLSGLR
22	0	FTLKKSLLVLFFLGTISLSLCQEERAADEEDNGEVEE
23	0	GLLDTIKNMALNAAKSAGVSVLNTLSCKLSKTC
24	0	AALRGALRAVARVGKAILPHVAIANPYVRTPYVHNNP
25	0	IASKFICTPGCAKTGSFNSYCC
26	0	LLKLLKWLLKLLK
27	0	ITSISLCTPGCKTGALMGCNMKTATCNCSIHVSK
28	0	AALRGCWTKSIPPKPCSGKR
29	0	SLGVTLGAAGVYTATQTIATQIWKCGAVLTTSAECSRTGKSC
30	0	IGPDTKKCVQRKNACHYFECPWLYYSVGTCYKGKGKCCQKRY
31	0	FLPMLAGLAANFLPKIVCKITKKC
32	0	INWSSIFEKVKNLV
33	0	GIFSKISGKAIKNLFIKGAENVGKHVGIDVVRTGIDVVGCKIKGEC
34	0	GLFGKILGVGKKVLCGLSGMC
35	0	KVHGSLARAGK
36	0	GIMDTVKNAAKDLAGQLLDKLKCKITAC
37	0	GVLSNVIGYLKKLGTGALNAVLKQ
38	0	INWLKLGKMVIDAL
39	0	GINSLSSEMHKKCYKNGICRLECYESEMLVAYCMFQLECCVKGNPAP
40	0	INMKASAAVAKKLL
41	0	RLKLLLRLK
42	0	GLFLDTLKGAAKDVAGKLLEGLKCKIAGCKP
43	0	RFIYMKGFGKPRFGKR
44	0	SIFAFQDESPSAIAQAKLFK
45	0	GIPCGESCVFIPCITGIAGCSCKSKVCYRN
46	0	KTCENLANTYRGPCFTTGSCDDHCKNKEHLRSGRCRDDFRCWCTRNC
47	0	GLFSILKGVGKIALKGLAKNMGKMGLDLVSCKISKEC
48	0	SSMKLSFRARAYGFRGPGPQL
49	0	RSNKGFNFMVDMIQALSK
50	0	RLCRIVVIRVCR
51	0	KPYCSCKWRCGIGEEEKGICHKFPIVTYVCCRRP
52	0	KWKLFKKGIGAVLKV
53	0	TTPLCVGVIIGLTTSIKICK
54	0	STIVCVSLRICNWSLRFCPSFKVRCPM
55	0	RVCMAIPLPLCH
56	0	ITSFSLCTPGCAKTGSFNSYCC
57	0	ACQFWSCNSSCISRGYRQGYCWGIQYKYCQCQ
58	0	FDIMGLIKKVAGAL
59	0	FTMKKSPLLLFFLGTISLSLC
60	0	LLGDFFRKAKEKIGKEFKRIVQR
61	0	GVLDILKGAAKDLAGH
62	0	RWRWRW
63	0	GTQRCWNLYGKCRHRCSKKERVYVYCVNNKMCCVKPKYQPKERWWRF
64	0	GILDTLKNLAKTAGKGALQGLVKMASCKLSGQC
65	0	AILTTLANWARKFL
66	0	MAADIISTIGDLVKLIINTVKKFQK
67	0	VGECVRGRCPSGMCCSQFGYCGKGPKYCGR
68	0	RLARRVVIRVAR
69	0	VARGWKRKCPLFGKGG
70	0	FFPIVGKRLYGLL
71	0	VIDDLKKVAKKVRRELLCKKHHKKLN
72	0	INWLKLGKKLLSAL
73	0	INWLKLGKAIIDAL
74	0	QSINNPITCLTKGGVCWGPCTGGFRQIGTCGLPRVRCCKKK
75	0	KWKSFIKKLTSKFLHLAKKF
76	0	SLWENFKNAGKQFILNILDKIRCRVAGGCRT
77	0	LRDLKCFCRRKSCNWGEGIMGICKKRYGSPILCCR
78	0	SVLGKSVAKHLPHVVPVIAEKT
79	0	DDDQVEVQQEVKRGFLSTVKNLATNVAGTVIDTLKCKVTGGCRT
80	0	QESKKGILLKPKTCNTNADCAKFCKGPIQNCLYHTCACVPGNPHCC
81	0	QRPYTQPLIYYPPPPTPPRIYRA
82	0	QEAQSVACTSYYCSKFCGSAGCSLYGCYLLHPGKICYCLHCSR
83	0	SLGSFLKGVGTTLASVGKVVSDQFGKLLQAGQ
84	0	SMWSGMWRRKLKKLRNALKKKLKGE
85	0	FIKELLPHLSGIIDSVANAIK
86	0	GLLGSLFGAGKKVACALSGLC
87	0	RPRCWIKIKFRCKSLKF
88	0	VAGPFRIPPLRREFQ
89	0	GFWGKLWEGVKNAI
90	0	GLRSKIWLWVLLMIWQESNKFKKM
91	0	GILDSLKNLAKNAAQILLNKASCKLSGQC
92	0	IIGPVLGLVGKPLESLLE
93	0	QCVGTITLDQSDDLFDLNCNELQSVR
94	0	DTTFCRCRVSCNILEKYSGKCELSGRTARICC
95	0	ATAWDFGPHGLLPIRPIRIRPLCGKDKS
96	0	ALLDKLKSLGKVVGKVAIGVAQHYLNPQ
97	0	APRKNVRW
98	0	VTCFCRRRGCASRERHIGYCRFGNTIYRLCCRR
99	0	WKPFKKIEKAVRRVRDGVAKAGPAVAVVGQAT
100	0	ATCDLASKWNWNHTLCAAHCIARRYRGGYCNSKAVCVCR
101	0	GLLGAMFKVASKVLPHVVPAITEHF
102	0	GILDFAKTVVGGIRNALGI
103	0	TGVAWRIT
104	0	VLPIIGNLLNSLL
105	0	QLKSTCRIAEAWKGAKECNAKCAALGTTRGGVCQKFLGDLYCCCWD
106	0	MFFSSKKCKTVSKTFRGPCVRNA
107	0	RQRDPQQQYEQCQERCQRHETEPRHMQTCQQRCERRYEKEKRKQQKR
108	0	VQLRIRVRVIRK
109	0	GIGGALLSAGKAALKGLAKGFAEHF
110	0	ATCDALSFSSKWLTVNHSACAIHCLTKGYKGGRCVNTICNCRN
111	0	DQYRCLQNGGFCLRSSCPSHTKLQGTCKPDKPNCCRS
112	0	GSKKPVPIIYCNRRTGKCQR
113	0	AVVNGVNYVGETTAA
114	0	FLANQECFSEYRHCRMKCKANEYAIRYCADWTICCRVKKREAKKKIMW
115	0	RRICRCRIGRCLGLEVYFGVCFLHGRLARRCCR
116	0	ANFEIVNNCPYTVWAAASPGGGRRLDRGQT
117	0	SPIHACRYQRGVCIPGPCRWPYYRVGSCGSGLKSCCVRNRWA
118	0	GVFTLIKGATQLIGKTLGKELGKTGLELMACKITEQC
119	0	ILPILGNLLNSLL
120	0	FLSTALKVAANVVPTLFCKITKKC
121	0	GVLDTFKDVAIGVAKGAGTGVLKALLCKLDKSC
122	0	MGALIKTGAKIIGSGAAGGLGTYIGHKILGK
123	0	GNRPVYIPPPRPPHPRL
124	0	IDWLKLGKMVIDAL
125	0	GLGKAQCAALWLQCASGGTIGCGGGAVACQNYRQFCR
126	0	GIFTFEDESTTTVAPAKLYK
127	0	QTCASRCPRPCNAGLCCSIYGYCGSGAAYCGAGNCRCQCRG
128	0	RKFHEKHHSHRGYR
129	0	PRCPPCPRCSWCPRCPTCPRCNCNPK
130	0	LKWLLKWLK
131	0	FIGAILPAIAGLVGGLINR
132	0	GVFLDALKKFAKGGMNAVLNPK
133	0	SYVGDCGSNGGSCVSSYCPYGNRLNYFCPLGRTCCRRSY
134	0	IIGVSEMERCHKKGGYCYFYCFSSHKKIGSCFPEWPRCCKNIK
135	0	RKCLRWQWAMRKYGG
136	0	GLPVCGETCFGGTCNTPGCTCSYPICTRN
137	0	GIIDIAKKLVGGIRNVLGI
138	0	GPGKWLPWLQPAYDFVTGLAKGIGKEGNKNKWKNV
139	0	FLPAVIRVAANVLPTVFCAISKKC
140	0	ASVVKTTIKASKKLCKGATLTCGCNITGKK
141	0	IRNSLTCRFNFGICLPKRCPGRMRQIGTCF
142	0	GFGCPNNYQCHRHCKSIPGRCGGYCGGWHRLRCTCYRC
143	0	ILPIIGKILSTIF
144	0	ATCDLFSFRSKWVTPNHAGCAAHCIFLGNRGGRCVGTVCHCRK
145	0	FLPLIGKVLSGIL
146	0	GLFSKFAGKGIVNFLIEGVE
147	0	GLLSGILNTAGGLLGNLIGSLSNGES
148	0	FTCAISCDIKVNGKPCKGSGEKKCSGGWSCKFNVCVKV
149	0	KEKLKLKCKAPKCYNDKLACT
150	0	TTHSGKYYGNGVYCTKNKCTVDWAKATTCIAGMSIGGFLGGAIPGKC
151	0	KINWGNVGGSCVGGAVIGGALGGLGGAGGGCITGAIGSIWDQW
152	0	DEKGPKWKR
153	0	KWKWKWKWKW
154	0	GLWQKIKDKASELVSGIVEGVK
155	0	SIGSAFKKALPVAKKIGKAALPIAKAALP
156	0	KYYGNGVSCNKKGCSVDWGKAIGIIGNNSAANLATGGAAGWSK
157	0	GKIPVKAIKQAGKVIGKGLRAINIAGTTHDVVSFFRPKKKKH
158	0	GLMDMVKGAAKNLFASALDTLKCKITGC
159	0	RRIIIRWRRI
160	0	GTTVVNSTFSIVLGNKGYICTVTVECMRNCSK
161	0	EMHKKCYKNGICRLECYESEMLVAYCMFQLECCVKGNPAP
162	0	HGPDSCNHDRGLCRVGNCNPGEYLAKYCFEPVILCCKPLSPTPTKT
163	0	TPCGESCVYIPCISGVIGCSCTDKVCYLN
164	0	GLLKRIKTLL
165	0	FLPLLAGLAANFLPKLFCKITRKC
166	0	GLWSKIKETGKEAAKAAGKAALNKIAEAV
167	0	KWLKKWL
168	0	AHCLAIGRK
169	0	LFCKGGSCHFGGCPSHLIKVGSCFGFRSCCKWPWNA
170	0	MPCSCKKYCDPWEVIDGSCGLFNSKYICCREK
171	0	ALWKDILKNAGKAALNEINQIVQ
172	0	GFSSLFKAGAKYLLKSVGKAGAQQLACKAANNCA
173	0	KKINNPVSCLRKGGRCWNRCIGNTRQIGSCGVPFLKCCKRK
174	0	GLWNTKLEAGLLFAMGKLDLKRCLKAGGC
175	0	LSCKRGTCHFGRCPSHLIKGSCSGG
176	0	SIPCGESCVFIPCTVTALLGCSCKSKVCYKN
177	0	RVCSAIPLPICH
178	0	MTAQGNKPSSHDVITGRWTPSAADRAAGRVSGFGVITNIINGGLDC
179	0	YENPYGCPTDEGKCFDRCNDSEFEGGYCGGSYRATCVCYRT
180	0	FKTWKRPPFQTSCWGIIKE
181	0	SGISGPLSCGRNGGVCIPIRCPVPMRQIGTCFGRPVKCCRSW
182	0	SDYSRKRDPPQKYEEE
183	0	GIFSTVFKAGKGIVCGLTGLC
184	0	ENDHRMPYELNRPNNLSKGGAKCGAAIA
185	0	GDPTFCGETCRVIPVCTYSAALGCTCDDRSDGLCKRN
186	0	GLMDTVKNAAKNLAGQLLDTIKCKMTGC
187	0	NEEEKVKWEPDVP
188	0	KRIVQRIKDFLRNLVPRTES
189	0	DKLIGSCVWGAVNYTSDCNGECLLRGYKGGHCGSFANVNCWCET
190	0	GLLDTFKNLALNAAKSAGVSVLNSLSCKLSKTC
191	0	RDCRSQSKTFVGLCVSDTNCASVCLTEHFPGGKCDGYRRCFCTKDC
192	0	QPWLPFR
193	0	GLWKSLLKNVGKAAGKAALNAVTDMVNQS
194	0	RIIDLLWRVRRPQKPKFVTVWVR
195	0	GLWNSIKIAGKKLFVNVLDKIRCKVAGGCKTSPDVE
196	0	FLPIVAGLAANFLPKIVCKITKKC
197	0	FLPIIAGIAAKVFPKIFCAISKKC
198	0	SLQYVMSAGPYTWYKDTRTGKTICKQTIDTASYTFGVMAEGWGKTFH
199	0	INWKKIKSIIKAAMN
200	0	SDCNINSNTAADVILCFNQVGSCALCSPTLVGGPVP
201	0	APVPFSCTRGCLTHLV
202	0	RQRDPQQQYEQCQKHCQRRETEPRHMQTCQQRCERRYEKEKRKQQKR
203	0	APRRQLKW
204	0	DIGGSRQGCVA
205	0	QRFSQPTFKLPQGRLTLSRKF
206	0	SVSCLRNKGVCMPGKCAPKMKQIGTCGMPQVKCCKRK
207	0	ILPFVAGVAAMEMEHVYCAASKKC
208	0	QETCHDLIMKRDCDEATCVNMCQQKWKGSGGSCFQNFNVMSCICNFPCQV
209	0	ILGPVLGLVSNALGGLIKKI
210	0	HEPCGESCVFIPCITTVVGCSCKNKVCYN
211	0	GLKDKFKSMGEKLKQYIQTWKAKF
212	0	SRWPSPGRPRPFPGRPKPIFRPRPCNCYAPPCPCDRW
213	0	RVCRRRSAGFKGVCMSDHNCAQVCLQEGYGGGNCDGIMRQCKCIRQC
214	0	AISCGQVSSAIGPCLSYARGQGSAPSAGCC
215	0	SMSGFSKPHD
216	0	GFKDWIKGAAKKLIKTVAANIANQ
217	0	NWYVKKCLNDVGICKKKCKPEELHVKNGRAMCGKQRDCCVPAD
218	0	VFGTLGSTDDSLFGRYKQDIFNDHRGHLQGQAYGSR
219	0	FKCRRWQWRAKKLGA
220	0	SIYERCELARELINR
221	0	GKREKCLRRNGFCAFLKCPTLSVISGTCSRFQVCC
222	0	VLSIVACSSGCGSGKTAASCVETCGNRCFTNVGSLC
223	0	RKFHEKHHSHRGYRSNYLYDN
224	0	GGTIFDCGESCFLGTCYTKGCSCGEWKLCYGTN
225	0	GFLDTLKNMALNAAKGAGGSVLKALFCKLFKTC
226	0	MDVVRTLILCVCLFGLTFA
227	0	GFWKKVGSAAWGGVKAAAKGAAVGGLNALAKHIQ
228	0	GICRCLCRRGVCRCICVL
229	0	GRFRRLRKKTRKRLKKIGKV
230	0	KWKLFKKLKVLTTGL
231	0	AVDLAKIANIANKVLSSLFGK
232	0	EALYNSEDLYEETSDSDD
233	0	ALFSILRGLKKLGKMGQAFVNCEIYKKC
234	0	SWLSKTYKKLENSAKKRISEGVAIAILGGLR
235	0	GIGASILSAGKSALKGFAKGLAEHFAN
236	0	GIGAAILSAGKSALKGLAKGLAEHF
237	0	QSISCAESCVWIPCATSLIGCSCVNSRCIYSK
238	0	KRKCPKTPFDNTPGAWFAHLILGC
239	0	LGWGRRCPQCPRCPSCPSCPRCPRCPRCKCNPK
240	0	GLLDTFKNLAINAAESAGVSVLNSLSCKLSKTC
241	0	LRDLVCYCRKRGCKRRERMNGTCRKGHLMYTLCCR
242	0	GTQRCWNLYGKCRYRCSKKERVYVYCINNKMCCVKPKYQPKERWWPF
243	0	TNYGNGVGVPDAIMAGIIKLIFIFNIRQGYNFGKKAT
244	0	GLLDVVKGAAKNLLASALDKLKCKVTGC
245	0	FLPMLAGLAANFLPKLFCKITKKC
246	0	SASVLKTSIKVSKKYCKGVTLTCGCNITGGK
247	0	GLWQKIKNAAGDLASGIVEGIKS
248	0	GIFSLVKGAAKLAGKGLAKEGGKFGLELIACKIAKQC
249	0	RIWVIRWR
250	0	FLSLIPHAINAVSAIAKHN
251	0	GVFTFEDESTSTVAPAKLYK
252	0	RFRPPIRRPPIRPPFRPPFRPPVRPPIRPPFRPPFRPPIGPFP
253	0	GLFSVVTGVLKAVGKNVAGSLLEQLKCKISGGC
254	0	GTIPCGESCVFIPCLTSALGCSCKSKVCYKN
255	0	GFLSTVKNLATNVAGTVLDTIRCKVTGGCRP
256	0	GLWNSIKIAGKKLFVNVLDKIRSKVAGGS
257	0	GLRSKIKEAAKTAGKMALGFVNDMA
258	0	IDWKKVDWKKVSKKTCKVMLKACKFL
259	0	CFKFKFKFGSGFKFKFKFC
260	0	FLPAVLRVAAKVVPTVFCLISKKC
261	0	TVVTNA
262	0	DKLIGSCVWGAVNYTSNCNAECKRRGYKGGHCGSFLNVNCWCET
263	0	NNEAQCEQAGGICSKDHCFHLHTRAFGHCQRGVPCCRTVYD
264	0	PPCPSCLSCPWCPRCLRCPMCKCNPK
265	0	FFPTIAGLTKLFCAITKKC
266	0	GGGVIQTISHECRMNSWQFLFTCCS
267	0	LRDLVCYCRKRGCKRREHINGTCRKGHLLYMLCCR
268	0	VFIDILDKMENAIHKAAQAGIGIAKPIENMILPKLTK
269	0	GRKSDCFRKSGFCAFLKCPSLTLISGKCSRFYLCCKRIWG
270	0	CVKCKCKCGSGVKVKVKVC
271	0	GIFNVFKGALKTAGKHVAGSLLNQLKCKVSGEC
272	0	YPGPQAKEDSEGPSQGPASREK
273	0	GFMDTAKNVAKNMAVTLLDNLKCKITKAC
274	0	GLPGKKNVLKKSRESSGKPGGTNKKPF
275	0	SLFSLIKAGAKFLGKNLLKQGACYAACKASKQC
276	0	RAEAVPPGFTPFRKP
277	0	NRWTNAYSAALGCAVPGVKYGKKLGGVWGAVIGGVGGAAVCGLAGYVRKG
278	0	GLWSTIKQKGKEAAIAAAKAAGQAALGAL
279	0	IIGHLIKTALGFLGL
280	0	GTPGFQTPDARVISRFGFN
281	0	GIFPKIIGKGIVNGIKSLAKGVGMKVFKAGLNNIGNTGCNNRDEC
282	0	HSSGYTRPLPKPSRPIFIRPIGCDVCYGIPSSTARLCCFRYGDCCHR
283	0	GILLDKLKNFAKTAGKGVLQSLLNTASCKLSGQC
284	0	GGLKKLGKKLEGAGKRVFNAAEKALPVVAGAKAL
285	0	GFGCPFNQGACHRHCRSIRRRGGYCAGLIKQTCTCYRN
286	0	GLVTGLLKTAGKLLGDLFGSLTG
287	0	VGALAVVVWLWLWLW
288	0	LLGPVLGLVSNALGGLLKNI
289	0	AICKKPSKFFKGACGRDADCEKACDQENWPGGVCVPFLRCECQRSC
290	0	GRRRSVQWCAVSQPEATKCFQWQRNMRKVRGPPVSCIKRDSPIQCIQA
291	0	GGAGHVPEYFVGIGTPISFYG
292	0	STPVLASVAVSMELLPTASVLYSDVAGCFKYSAKHHC
293	0	INTWNTTATSTSIIISETFGNKGKVCTYTVECVNNCRG
294	0	RRWRIVVIRVRR
295	0	RWKVFKKIEKVGRHIRDGVIKAGPAITVVGQATAL
296	0	CIKNGNGCQPDGSQGNCCSRYCHKEPGWVAGYCR
297	0	GLVSSIGRALGGLLADVVKSKEQPA
298	0	RRWWRRWRRW
299	0	FLPAVLLVATHVLPTVFCAITRKC
300	0	WKKIASIGKEVLKAL
301	0	GATAIKQVKKLFKKWGW
302	0	FLPIAGKLLSGLSGLL
303	0	GKFSGFAKILKSIAKFFKGVGKVRKQFKEASDLDKNQ
304	0	FFPNVASVPGQVLKKIFCAISKKC
305	0	DHYNCVRSGGQCLYSACPIYTRIQGTCYHGKAKCCK
306	0	FVGAALKVLANVLPPVISWIKQ
307	0	RCICTRGFC
308	0	FLPIVTNLLSGLLGK
309	0	GFKDWIKSAAKKLIKTVASNIANQ
310	0	ASSGWVCTLTIECGTVICACR
311	0	FLPMLAGLAANFLPELFCKITKKC
312	0	SFLTTVKKLVTNVAALAGTVIDTIKCKITGGCRT
313	0	GLLSGILGAGKHIVCGLSGPCQSLNRKSSDVEYHLAKC
314	0	ALWKNMLSGIGKLAGQAALGAVKTLV
315	0	VDKPDYRPRPRPPNM
316	0	NLVSGLIEARKYLEQLHRKLKNCKV
317	0	ITSVSWCTPGCTSEGGGSGCSHCC
318	0	ESDTVTCRKMKGKCSFLLCPFFKRSSGTCYNGLAKCCRPFW
319	0	RVKRVWPLVIRTVIAGYNLYRAIKKK
320	0	QKIAEKFSGTRRG
321	0	GMASKAGAIAGKIAKVALKAL
322	0	LRDLVCYCRSRGCKGRERMNGTCRKGHLLYTLCCR
323	0	FTMKKSLLLIFFLGTISLSLCEQER
324	0	QKECIGPCDMFTDCQAACVGIRKGYNYGQCVAWKPKDDDPFTCCCYKLTP
325	0	RIWVIWRR
326	0	GGTIFDCGETCFLGTCYTPGCSCGNYGFCYGTN
327	0	GFRDVLKGAAKQFVKTVAGHIANI
328	0	KDRPKKPGLCPPRPQKPCVKECKNDWSCPGQQKCCNYGCIDECRDPIFVN
329	0	GIMDSVKNVAKNIAGQLLDKLKCKITGC
330	0	GWLKKIGKKIERVGQHTRDATIQGLGVAQQAANVAATAR
331	0	GILKKFMLHRGTKVYKMRTLSKRSH
332	0	MSKRDCNLMKACCAGQAVTYAIHSLLNRLGGDSSDPAGCNDIVRKYCK
333	0	AKKVFKRLEKLFSKIFNFK
334	0	SAIWFWMTPQSPK
335	0	SGFVLKGYTKTSQ
336	0	RIKRFWPVVIRTVVAGYNLYRAI
337	0	IAPIIVAGLGYLVKDAWDHSDQIISGFKKGWNGGRRK
338	0	WFYQGMNIAIYANIGGVANIIGYTEAAVATLLGAVVAVAPVVP
339	0	FLGGLWKAMSNLL
340	0	NCIQQCVSKGAQGGYCTNEKCTCY
341	0	KRCHLTIDKATACSLSDCRLSCYSGYNGVGKCFDDPKVAGPSNCGCIYNC
342	0	DHYNCVKGGGQCLYSACPIYTKVQGTCYGGKAKCCK
343	0	IIGLVSKGTCVLVKTVCKKVLKQG
344	0	GLFTLIKGAYKLDAPTVACN
345	0	KWKSFIKKLTSKFLHSADKF
346	0	SLFSLIKAGAKFLGKNLLKQGAQYAACKVSKEC
347	0	SIVPIRCRSNRDCRRFCGFRGGRCTYARQCLCGY
348	0	WNPFKELEKVGQRVRDAVISAGPAVATVAQATALAK
349	0	KTKLTEEEKNRLNFLKKISQRYQKFALPQYLKTVYQHQK
350	0	GVCDMADLA
351	0	VIVFVASVAAEMMQHVYCAASKKC
352	0	LLPIVGNLLNSLL
353	0	GIFSKINKKKAKTGLFNIIKTVGKEAGMDVIRAGIDTISCKIKGEC
354	0	FKARRWQWRMKKLGA
355	0	RECRSESKKFVGLCVSDTNCASVCLTERFPGGKCDGYRRCFCTKDC
356	0	RCRFCCRCCPRMRGCGICCRF
357	0	RTCASQSQRFKGKCVSDTNCENVCHNEGFPGGDCRGFRRRCFCTRNC
358	0	RGKRWWRRKK
359	0	GLKDIFKAGLGSLVKNIAAHVAN
360	0	FLPAIVGAAGKFLPKIFCAISKKC
361	0	QPFSLERW
362	0	GLMSTLKGAATNVAVTLLNKLQCKLTGTC
363	0	RWKLFKKIEKVGRNVRDGLIKAGPAIAVIGQAKSL
364	0	ITSHSLCTPGCAKTGSFNSFCC
365	0	SHQDCYEALHKCMASHSKPFSCSMKFHMCLQQQ
366	0	LRDLVCYCRKRGCKGRERMNGTCRKGHLLYTMCCR
367	0	QLINSPVTCMSYGGSCQRSCNGGFRLGGHCGHPKIRCCRRK
368	0	GLAGAISSALDKLKQSQLIKNYAKKLGYPR
369	0	RILSILRHQNLLKELQDLALQGAK
370	0	AVNIPFKVKFRCKAAFC
371	0	GLWNSIKIAGKKLFVNVLDKIRCKVAGGCKTSPDVEYHK
372	0	RLSRIVVIRVCR
373	0	LRDLVCYCRARGCKGRERMNGTCSKGHLLYMLCC
374	0	TVYTNA
375	0	ILGPVIKTIGGVIGGLLKNL
376	0	ATCDILSFQSQWVTPNHAGCALHCVIKGYKGGQCKITVCHCRR
377	0	GIGAAILSAGKSIIKGLANGLAEHF
378	0	GFSSIFRGVAKFASKGLGKDLARLGVNLVACKISKQC
379	0	GLLSGLKKVGKHVAKNVAVSLMDSLKCKISGDC
380	0	EFKRCWKGQGACQTYCTRQETYMHLCPDASLCCLSYALKPPPVPKHEYE
381	0	LIGSLFRGAKAIFRGARQGWRSHKAVSRYRARYVRRPVIYYHRVYP
382	0	QDRPKKPGLCPPRPQKPCVKECKNDWSCPGQQKCCNYGCIDECRDPIFVN
383	0	GFMDTAKNVAKNVAATLLDKLKCKITGGC
384	0	IFGAILPLALGALKNLIK
385	0	ILGAILPLVSGLLSNKL
386	0	SVFAFQDESTSTIAQARLFI
387	0	GICACRRRFCLNFEQFSGYCRVNGARYVRCCSRR
388	0	ANKCIIDCMKVKTTCGDECKGAGFKTGGCALPPDIMKCCHNC
389	0	KLLKWLLK
390	0	EKYTEAPEYI
391	0	QAFKTFTPDWNKIRNDAKRMQDNLEQMKKRFNLNL
392	0	GLFSVLGSVAKHLLPHVVPVIAEKL
393	0	KWKSFINKLTSKFLHSAKKF
394	0	INLKAIAALAKKLLG
395	0	INWKKIFESVKNLV
396	0	LLGDFFRKAREKIGEEFKRIVQRIKDFLRNLVPRTES
397	0	FLSGIVGMLGKLFGK
398	0	FVPYNPPRPGQSKPFPSFPGHGPFNPKIQWPYPLPNPGH
399	0	GIPCGESCVYIPCLTSAIGCSCKSKVCYRN
400	0	GFWGSLWEGVKSVV
401	0	ARIQESTNDILKPITCNTNADCAKFCKGPIHNCVYHTCQCVPGNPHCC
402	0	KLLKWLKKLLK
403	0	GLLGGLLGPLLGGGGGGGGGLL
404	0	GNNRPVYIPQPRPPHPRI
405	0	KSCCRSTLGRNCYNLCRVRGAQKLCANACRCKLTSGLKCPSSFPK
406	0	GVIAAAKKVVNVLKNLF
407	0	ESEFDRQEYEECKRQCMQLETSGQMRRCVSQCDKRFEEDIDWSKYDNQE
408	0	ANCSCSTASDYCPILTFCTTGTACSYTPTGCGTGWVYCACNGNFY
409	0	QYGRRCCNWGPGRRYCKRWC
410	0	GIVDFAKGVLGKIKNVLGI
411	0	RRCICTTRTCRFPYRRLGTCIFQNRVYTFCC
412	0	GIFLDKLKNFAKGVAQSLLNKASCKLSGQC
413	0	RRWKIVVIRWRR
414	0	KTHYPTNAWKSLWKGFWESLRYTDGF
415	0	LFGFLIKLIPSLFGALSNIGRNRNQ
416	0	FFSLIPSLIGGLVFAIK
417	0	EQPGGDKVNLGYFTN
418	0	FLSLIPHAINAVSALVHHF
419	0	LFGLIPSMMGGLVSAFK
420	0	YVSCLFRGARCRVYSGRSCCFGYYCRRDFPGSIFGTCSRRNF
421	0	QRFIHPTYRPPPQPRRPVIMRA
422	0	GGYYCPFFQDKCHRHCRSFGRKAGYCGGFLKKTCICV
423	0	ATCDLLSGFGVGDSACAAHCIARRNRGGYCNAKTVCVC
424	0	NWRKILGKIAKVAAGLLGSMLAGYQV
425	0	EGPVGLADPDGPASAPLGAP
426	0	VLSHNNESSYSDTSSCTSQ
427	0	FKCRRWQWR
428	0	NKGCAICSIGAACLVDGPIPDFEIAGATGLFGLWG
429	0	GWKSVFRKAKKVGKTVGGLALDHYLG
430	0	FKCARWQWRMKKLGA
431	0	RNKLAYNMGHYAGKATIFGLAAWALLA
432	0	SCNCVCGVCCSCSP
433	0	FLPLIASLAANFVPKIFCKITKKC
434	0	GLFDIIKKVASVVGLASP
435	0	LNLKGIFKKVASLLT
436	0	ALLHHGLNCAKGVLA
437	0	GLMSVLKGVLKTAGKHIFKNVGGSLLDQAKCKITGQC
438	0	GYGCPFNQYQCHSHCRGIRGYKGGYCTGRFKQTCKCY
439	0	FTMKKSLLFIFFLGTISLSLC
440	0	LLDVLLE
441	0	FLPLLAGVVANFLPQIICKIARKC
442	0	RTCESQSHRFHGTCVRESNCASVCQTEGFIGGNCRAFRRRCFCTRNC
443	0	GLGSILGKILNVAGKVGKTIGKVADAVGNKE
444	0	ESGINLQGDATLANN
445	0	QLKKCWNNYVQGHCRKICRVNEVPEALCENGRYCCLNIKELEAC
446	0	FFPLIAGLAANFLPQILCKIARKC
447	0	RYCPRNPEACYNYCLRTGRPGGYCGGRSRITCFCFR
448	0	SIITMTREAKLPQLWKQIACRLYNTC
449	0	SGRGKTGGKARAKAKTRSSRAGLQFPVGRVHRLLR
450	0	GLLSSLSSVA
451	0	GILSTIKDFAIKAGKGAAKGLLEMASCKLSGQC
452	0	RDCESDSHKFHGACFSDTNCANVCQTEGFTAGKCVGVQRHCHCTKDC
453	0	DCTRWIIGINGRICRD
454	0	GAPICGESCFTGKCYTVQCSCSWPVCTRN
455	0	ALWKTLLKKVGKVAGKAVLNAVTNMANQNEQ
456	0	GIINMLQKSYCKIRKGRCALLGCLPKEEQIGSCSVSGRKCCRKKK
457	0	APRWKFGKRLEKLGRNVFRAAKKALPVIAGYKAL
458	0	HFLGKLVNLAKKIL
459	0	SVLGTVKDLLIGAGKSAAQSVLTTLSCKLSNSC
460	0	GWLRKAAKSVGKFYYKHKYYIKAAWKIGRHAL
461	0	SAVGRHGRRFGLRKHRKH
462	0	SISCGESCAMISFCFTEVIGCSCKNKVCYLN
463	0	ALWKDVLKKIGTVALHAGKAALGAVADTISQ
464	0	FWATLAKGALKLIPTIANAFSSKS
465	0	FLFSLIPHAISGLISAFK
466	0	RVCESQSHGFKGACTGDHNCALVCRNEGFSGGNCRGFRRRCFCTLKC
467	0	DLPECCSATELELDSGKQTS
468	0	TSRCYIGYRRKVVCS
469	0	KIKWFKTMKSIAKFIAKEQMKKHLGGE
470	0	RQRDPQQQYEQCQKHCQRRETEPRHMQTCQQRCERRYEKEKRKQQ
471	0	GSRYLCTPGSCWKLVCFTTTVK
472	0	KWLLKWL
473	0	GVVTDLLNTAGGLLGNLVGSLSG
474	0	SIGTAVKKAVPIAKKVGKVAIPIAKAVLSVVGQLVG
475	0	GLLNTFKDWAISIAKGAGKGVLTTLSCKLDKSC
476	0	QGVRNRLSCHRNKGVCVPSRCPRHMRQIGTCRGPPVKCCRKK
477	0	SALVGCWTKSWPPKPCFGRG
478	0	LDTIKCLQGNNNCHIQKCPWFLLQVSTCYKGKGRCCQKRRWFARSHVYHV
479	0	FLPVILPVIGKLLNGIL
480	0	GWLKKLGKRIERIGQHTRDATIQGLGIAQQAANVAATAR
481	0	KNLRRIIRKIIHIIKKYG
482	0	ALRLAIRKR
483	0	SFPFFPPGICKRLKRC
484	0	QTCASRCPRPCNAGLCCSIYGYCGSGNAYCGAGNCRCQCRG
485	0	KKLLKWLLKLL
486	0	KINWGSVGGSCVGGAVIGGALGGLGGAGGGCLTGAIGSIWDQW
487	0	SLLGTVKDLLIGAGKSAAQSVLKGLSGKLSKDC
488	0	GLFSKFNKKKIKSGLIKIIKTAGKEAGLEALRTGIDVIGCKIKGEC
489	0	CPAIQRCCQQLRNIQPPCRCCQ
490	0	RVKRFWPLVPVAINTVAAGINLYKAIRRK
491	0	GLNTLKKVFQGLHEAIKLINNHVQ
492	0	KWKLFKKAVLKVLTT
493	0	KKKSGVIPTVSHDCHMNSFQFVFTCCS
494	0	FDNPFGCPADEGKCFDHCNNKAYDIGYCGGSYRATCVCYRK
495	0	MTPFWRGVSLRPIGASCRDDSECITRLCKKRRCSLSVAQE
496	0	RLKELITTGGQKIGEKIRRIGQRIKDFFKNLQPREEKS
497	0	GLLSGILGAGKNIVCGLSGLC
498	0	GLLNGLALRLGKRALKKIIKRLCR
499	0	GIGTKIIGGLKTAVKGALKELASTYVN
500	0	GLFRRLRDSIRRGQQKILEKARRIGERIKDIFRG
501	0	ATKVKAKQRGKEKVSSGRPGQHN
502	0	GLWKSLLKNVGKAAGKAALNAVTDMVNQA
503	0	GIFSKLAGKKLKNLLISGLKSVGKEVGMDVVRTGIDIAGCKIKGEC
504	0	WNDTGKDADGAEY
505	0	FKTWKRPPFQTSCSGIIKE
506	0	KWKSFIKKLASKFLHSAKKF
507	0	GLFDVIKKVASVIGLASP
508	0	RISFKKGKGSWIKNGLIKGIKGLGKEISLDVIRTGIDIAGCKIKGEC
509	0	RLSRIVVIRVSR
510	0	GWLRKLGKKIERIGQHTRDASIQVLGIAQQAANVAATAR
511	0	GNGVLKTISHECNMNTWQFLFTCC
512	0	GIMRVFKGVLKTAGKSVAKNVAGSFLDRLKCKISGGC
513	0	FLPLLAGLAANFLPKIFCKITKKC
514	0	GKIPVKAIKKAGAAIGKGLRAINIASTAHDVYSFFKPKHKKK
515	0	LPVNEAQCRQVGGYCGLRICNFPSRFLGLCTRNHPCCSRVWV
516	0	DKLIGSCVWGAVNYTSRCNAECKRRGYKGGHCGSFANVNCWCET
517	0	KGIGSALKKGGKIIKGGLGALGAIGTGQQVYEHVQNRQ
518	0	KKCRERGGQCHSGVCSWNEKFIGFCSFARPCC
519	0	ILGKILKGIKKLF
520	0	INLLKIAKGIIKSL
521	0	INWKKIFEKVKDLV
522	0	DYHHGVRVL
523	0	RIKRFWPVVIRTVVAGY
524	0	GIGALSAKGALKGLAKGLAEHFAN
525	0	VFIDILDKMENAIHKAAQAGIGLAKPIENMILPK
526	0	KWLKKLLKKLL
527	0	GIFGKILGVGKKVLCGLSGVC
528	0	YPASMDNYDDALEELDNLDLDDYFDLEPADFVLLDMWANMLESSDFDDME
529	0	KRKKHRCRVYNNGMPTGMYRWC
530	0	SVMGTVKDLLIGAGKSAAQSVLKSLSCKLSNDC
531	0	IDWKKIFEKVKNLV
532	0	GLLKPLLKIAAKVGSNLL
533	0	ADDRNPLEECFRETDYEEFLEIARNGLKKT
534	0	ILSAIWSGIKS
535	0	FLPPSPWKETFRTT
536	0	GGLKKFGKKLEGVGKRVFKASEKALPVVTGFKAL
537	0	FLGLIFHGLVHAGKLIHGLIHRNRG
538	0	GLLDFAKHVIGIASKLG
539	0	KVFLGLK
540	0	FLPKLFAKITKKNMAHIR
541	0	ILSAIWSGIKGLL
542	0	GMSGYIQGIPDFLKGYLHGISAANKHKKGRL
543	0	ILGKILEGIKSLF
544	0	GIFTKINKKKAKTGVFNIIKTIGKEAGMDVIRAGIDTISCKIKGEC
545	0	GLFSKFAGKGIKDLIFKGVKHIGKEVGMDVIRVGIDVAGCKIKGVC
546	0	RGGRLCYCRPRFCVCVGR
547	0	VRPYLVAF
548	0	KVPIGAIKKGGKIIKKGLGVIGAAGTAHEVYSHVKNRQ
549	0	ALLLAIRKR
550	0	GIMDTVKNAAKDLAGQLLDKLKCRITGC
551	0	RGLRRLGRKIAHGVKKYGPTVLRIIRIAG
552	0	RLKLLLLRLK
553	0	FLSLIPTAINAVSALAKHF
554	0	GSPIQCAETCFIGKCYTEELGCTCTAFLCMKN
555	0	LTVRAAQSFGRCNQKQCDADCVKKGYFGGLCTLTSCFCTGSRS
556	0	KPWERE
557	0	GGLKKLGKKLEGAGKRVFKASEKALPVVVGIKAIGK
558	0	GIGCGESCVWIPCVSAAIGCSCSNKICYRN
559	0	GILGNIVGMGKKIVCGLSGLC
560	0	FLGGLMKAFPALICAVTKKC
561	0	LALKSGGWLRLFGLKDKKH
562	0	FFGHLFRGIINVGKHIHGLLSG
563	0	FINLLDKVEDALHTGAQAGFKLIRPVERGATPKKSEKPEK
564	0	GIGSAILSAGKSALKGLAKGLAEHFAN
565	0	GSEIQPR
566	0	ILGPVIGTIGNVLGGLLKNL
567	0	GKIPVKAIKKGGQIIGKALRGINIASTAHDIISQFKPKKKKNH
568	0	FPMKKSLLLIFFLGTINLSFCEEERNAEEEKRDGDDEMDVEVQKR
569	0	FDITKLNIKKLTKATCKVISKGASMCKVLFDKKKQE
570	0	GIMDTVKNAAKDLAGQLDKLKCRITGC
571	0	GIFSKISGKAIKNLFIKGAKNVGKEVGIDVVRTGMDVVGCKIKGEC
572	0	INWKGIAAMAKKLL
573	0	GLISGILGVGKMLVCGLSGLC
574	0	GIGASILSAGKSALKGLAKGLAEHFAN
575	0	GVIPCGESCVFIPCISAAIGCSCKNKVCYRN
576	0	YVPLPNVPQPGRRPFPTFPGQGPFNPKIKWPQGY
577	0	ALWKTLLKGAGKVFGHVAKQFLGSQGQPES
578	0	YPASYDDDFDALDDLDDLDLDDLLDLEPADLVLLDMWANMLDSQDFEDFE
579	0	RRWVIWRR
580	0	GFMDTAKQVAKNVAVTLIDKLRCKVTGGC
581	0	GLFGILGSVAKHVLPHVVPVIAEHS
582	0	QYRHRCCAWGPGRKYCKRWC
583	0	SRDLICYCRKGGCNRGEQVYGTCSGRLLYCCPRR
584	0	NLCERASLTWTGNCGNTGHCDTQCRNWESAKHGACHKRGNWKCFCYFNC
585	0	SIITMTKEAKLPQLWKQIACRLYNTC
586	0	RECQSQSHRYKGACVHDTNCASVCQTEGFSGGKCVGFRGRCFCTKHC
587	0	RRWCFRVCYKGFCYRKCR
588	0	LKWLKKWLK
589	0	AHDGNPLEECFREDDEEFFLEIAKNGLTATSNPKRVVIV
590	0	FFSMIPKIATGIASLVKNL
591	0	HICHDYLEGDHCDPKDCNLDCRDKWKGTGTCEPPTGTPLTRTCYCTYDC
592	0	QCRRLCYKQRCVTYCRGR
593	0	DERCTIIIHPGSPCDPSDCVQYCYAEYNGVGKCIASKPGRSANCMCTYNC
594	0	GLVSGLLNTAGGLLGDLLGSLGSLSG
595	0	FLSLIPHAINAISAIANHF
596	0	KSTCKAESNTFPGLCITKPPCRKACLSEKFTDGKCSKILRRCICYKPC
597	0	LRDLVCYCRKRGCKRREHMNGTCRKGHLMYTLCCR
598	0	FLIIRRPIVLGLL
599	0	ILFSYLLFYVLKENSKREDKYQNIIEELTELLPKIKEDVEDIKEKLNK
600	0	RCTCTTIISSSSTF
601	0	RRLCRIVWVIRVCRR
602	0	GICRCICTRGFCRCICVL
603	0	GSNKGFNFMVDMINALSN
604	0	WLGSALKIGAKLLPSVVGLFQKKKK
605	0	KKKKQSWYAAAGDAIVSFGEGFLNAW
606	0	DLVCYCRARGCKGRERMNGTCRKGHLLYMLCCR
607	0	GLLSFLPKVIGVIGHLIHPPS
608	0	ATNIPFKVHFRCKAAFC
609	0	TTPVCAVAATAAASSAACGWVGGGIFTGVTVVVSLKHC
610	0	KNLRRITRKIIHIIKKYG
611	0	FLGSLLGLVGKIVPTLICKISKKC
612	0	DNGEAGRAAR
613	0	RVCYAIPLPICY
614	0	YQWQRRMRKL
615	0	VSGNVAARKGKQQTSSGKGGGTN
616	0	GNGVIKTISHECHMNTWQFIFTCCS
617	0	VTCDLLSFEAKGFAANHSICAAHCLVIGRKGGACQNGVCVCRN
618	0	IWNKIAKSIGKVLEKAL
619	0	GLVDVLGKVGGLIKKLLP
620	0	GFMNTAKNVAKNVAVTLLDNLKCKITGGC
621	0	SMLSVLKNLGKVGLGLVACKINKQC
622	0	FNRGGYNFGKSVRHVVDAIGSVAGIRGILKSIR
623	0	KWKSFIKKSTSKFLHSAKKF
624	0	LLGRCKVKSNRFNGPCLTDTHCSTVCRGEGYKGGDCHGLRRRCMCLC
625	0	DLDVNVFNR
626	0	RLARIVVIRWAR
627	0	IFGAIAGLLKNIF
628	0	KWKSFIKKLTSAAKKVVTTAKPLISS
629	0	RWKIFKKIEKMGRNIRDGIVKAGPAIEVLGSAKAI
630	0	FLPVIAGLAAKVLPKLFCAITKKC
631	0	TSYGNGVHCNKSKCWIDVSELETYKAGTVSNPKDILW
632	0	GLVASIGRALGGLLADVVKSKEQPA
633	0	FLPLLASLFSRLF
634	0	GIFDKLKNFAKGVAQSLLNKASCKLSGQC
635	0	RLKRMTPFWRGVSLRPVGASCRDNSECITMLCRKNRCFLRTASE
636	0	FLENQDCSKHRHCRMKCKANEYAVRYCEDWTICCRVKKKESKKKKMW
637	0	GKLQAFLAKMKEIAAQTL
638	0	FLPFFASLLGKLL
639	0	GCTQWINNIHGRICVRN
640	0	DCKHPVGPYTDSCFTDCVSGKYGYNYESAFCSRDETGTCKICCCELINE
641	0	GIFTLIKGAAKLIGKTVAKEAGKTGLELMACKITNQC
642	0	ACQCPDAISGWTHTDYQCHGLENKMYRHVYAICMNGTQVYCRTEWGSSC
643	0	GRCVCRKQLLCSYRERRIGDCKIRGVRFPFCCPR
644	0	VTCDILSVEAKGVKLNDAACAAHCLFRGRSGGYCNGKRVCVCR
645	0	GLLDSLKGFAATAGKGVLQSLLSTASCKLAKTC
646	0	LKWLKKLLKKL
647	0	GLVDVLGKVGGLIKKLLPG
648	0	WLRRIGKGVKIIGGAALDHL
649	0	RYHMQCGYRGTFCTPGKCPHGNAYLGLCRPKYSCCRWL
650	0	ITSISLCTPGCKTGVLMGCNLKTATCNCSVHVSK
651	0	MLMACYSAGQLGCLVFCNEAEYSYGKCIGRGRCCCYDL
652	0	GWLKKIGKKIERVGQHTRDATIQTIAVAQQAANVAATAR
653	0	LRDLVCYCRTRGCKRRERMNGTCRKGHLIYTLCC
654	0	GLWSNIKTAGKEAAKAALKAAGKAALGAVTDAV
655	0	GRLKKLGKKIEGAGKRVFKAAEKALPVVAGVKALG
656	0	VDKGSYLPRPTPPRPIYNRN
657	0	QQCGRQAGNRRCANNLCCSQYGYCGRTNEYCCTSQGCQSQCRRCG
658	0	GVWSTVLGGLKKFAKGGLEAIVNPK
659	0	GLLDTFKNLALNAPKSAGVSVLNSLSCKLSKTC
660	0	KQFRIRVRVIRK
661	0	KWCFRVCYRGICYRKCR
662	0	GLWDSIKIAGKKLFVNVLDKIRCKVAGGC
663	0	VAIALKAAHYHTHKE
664	0	GIINTLQKYYCRVRGGRCAVLTCLPKEEQIGKCSTRGRKCCRRKK
665	0	LIGPVLGLVGSALGGLLKKI
666	0	SGKLYYRRKK
667	0	EPILGIITSLLKSL
668	0	ACHAHCQSVGRRGGYCGNFRMTCYCY
669	0	AIHRALISKRMEGHCEAECLTFEVKIGGCRAELAPFCCKNRKKH
670	0	AWLLAIRKR
671	0	GMATKAGTALGKVAKAVIGAAL
672	0	ILGPVLGLVSNALGGLLKNL
673	0	KNGYGGSGNRWVHCGAGIVGGALIGAIGGPWSAVAGGISGGFASCH
674	0	HKTDSFVGLM
675	0	ALWLAIRKR
676	0	QGVRSYLSCWGNRGICLLNRCPGRMRQIGTCLAPRVKCCR
677	0	NFLDTLINLAKKFI
678	0	QLEARFEPKQRNFRKRELDFEKLFANMPDY
679	0	RRARIVVIRVAR
680	0	LLGNFFRKAREKIGKEFKRIVQRIKDFLQHLVPRTEA
681	0	GVVDILKGAAKDLAGHLASKVMNKI
682	0	GWMSKIASGIGTFLSGVQQG
683	0	RLGDILQKAREKIEGGLKKLVQKIKDFFGKFAPRTES
684	0	GLISGILGVGKKLVCGLSGLC
685	0	GVLDAFKKIATVVKNLV
686	0	TTKNYGNGVCNSVNWCQCGNVWASCNLATGCAAWLCKLA
687	0	SLWETIKNAGKGFIQNLDKIR
688	0	KYYGNGVTCGKHSCSVNWGQAFSCSVSHLANFGHGKC
