index	label	sequence
1	1	VQQLTKRFSL
2	1	SYPGWSW
3	1	YCGFCSG
4	1	YGRKKRRQRRKEIVSRNKRRYQED
5	1	DVAKVS
6	1	GRKKRRQRRRCRRGGSLKAAPGAGTRR
7	1	RPRTRLHTHRNRRPRTRLHTHRNR
8	1	YGRKKRRQRRRRVCACPGRDRRT
9	1	FCYWRTPENT
10	1	YTGFLSN
11	1	RPRTRLHTHRNR
12	1	KPASADGHRGYGRKKRRQRRR
13	1	YGGFLRC
14	1	HGLASTLTRWAHYNALIRAF
15	1	DSSHAFTLDELR
16	1	YAWGGGWVLQWF
17	1	CKGKGACRKTMYDCCSGSCGRRGKC
18	1	CDTPPVC
19	1	VQILYK
20	1	YGRKKRRQRRRKKNRNKLRRQHSY
21	1	VAARTGEIYVPW
22	1	VRPPPVRLPPPVRKPPP
23	1	DYMGWMDF
24	1	KIPYIL
25	1	YPFPG
26	1	YGGFLR
27	1	GRKKRRQRRRGGLQGRRRQGYQSIKP
28	1	YNQSLLQGYRYW
29	1	RRPAPLIMFRMI
30	1	YPENGFPEN
31	1	LYVLHSRGLWGFKLAAALE
32	1	YRKAG
33	1	YCYCLAGFNA
34	1	YGRKKRRQRRRKLSSIESDV
35	1	CYFQNCPR
36	1	YAGFL
37	1	FCYWRTPENTN
38	1	TFFYGGSRGKRNNFKTEEY
39	1	FCYWKVCW
40	1	YXGFX
41	1	YKVNEYQGPVAPSGGFFLFRPRN
42	1	APYAFEVVG
43	1	GSAR
44	1	GANNNRPVYIPRPRPPHPRL
45	1	CGKRK
46	1	DQSRPVQPFLNLTTPRKPRPPRRQRRKKRG
47	1	KLFMALVAFLRFLT
48	1	RRLSYSRRRF
49	1	YGRKKRRQRRRARSRLAELRGVPRGL
50	1	PWVPSWMPPRHTN
51	1	DAEFRHDSGYQVHHQKLVFFAEDVGSNK
52	1	YAFF
53	1	NPNDKYEPF
54	1	SKDYN
55	1	PYRNCPHRCPRG
56	1	SVHGV
57	1	YAGCLFNHFGAY
58	1	RCAVPYIL
59	1	ISNRSHKGLMVG
60	1	YPENGFPENF
61	1	YACPCFF
62	1	ECG
63	1	GSSFLSPEHQKAQQRKESKKPPAKLQPR
64	1	CKGKGAKCSRLYDCCTGSCRSGKC
65	1	VRPPPVRLPPPVRLPPP
66	1	GANYPFF
67	1	YGGFM
68	1	VRLPPPVKLPPPVRLPPP
69	1	FCYWKVCWNH
70	1	TNHRPPMWSPVWP
71	1	GKPRHYPYSPRPTSHPRPIR
72	1	GLHTSATNLYLH
73	1	NSRQIKIWFQNRRMKWKKGSS
74	1	PYRHP
75	1	VVYPWTQRF
76	1	YGGFLRRIRPKLK
77	1	EHFKF
78	1	RLTRKRGLKLA
79	1	YGRRARRRRRR
80	1	YGGFL
81	1	YGRKKRRQRRRGEPHRFRREW
82	1	YPENGPIFPENF
83	1	YAGFLL
84	1	HADGTYTSDVSTYLQDQAKDFVSWLKSGRA
85	1	PFVYLI
86	1	NAPVSIPQ
87	1	YPWKF
88	1	YAFSAVG
89	1	RSTASTSYPFFF
90	1	CKFFD
91	1	MEHFRW
92	1	SRYSIGGNNGVT
93	1	TEELRVRLASHLRKLRKRLLRDA
94	1	YAFGYPK
95	1	CDIFTNSRGKRA
96	1	DAAESVLVGTVR
97	1	VPDPR
98	1	RLSSVDSDLSGC
99	1	HGEGTFTSDLSKQMEEEAVRLFIEWLKNGGPSSGAPPPS
100	1	CAVRPYIL
101	1	YGRKKRRQRRRLPGKETMA
102	1	IKPEAPGEDASPEELNRYYASLRHYLNLVTRQRY
103	1	YACHCFF
104	1	YPLGK
105	1	GIGDPVTCLKSGAICHPVFCPRRYKQIGTCGLPGTKCCKKP
106	1	VQIVYK
107	1	YPWTQRF
108	1	RRRRRRRRRARSRLAELRGVPRGL
109	1	TFFYGGCRGKRNNFKTEEY
110	1	CSCSSLMDKECVYFCHLDIIW
111	1	YAFDVVG
112	1	YPENGPFFPENF
113	1	CWDPVL
114	1	YGRKKRRQRRGVPRGLYDGVCEV
115	1	DFDMLRCMLGRVFRPCWQY
116	1	NFDVLTEQ
117	1	DPQILMGVLRSIRGFGVKL
118	1	FNAPFDVGIKLSGVQYQQHSQAL
119	1	CTFFYGGSRGKRNNFKTEE
120	1	HSDGTFTSDLSKQMEEEAVRLFIEWLKNGGPSSGAPPPS
121	1	GLWEDLLYNINRYAHYIT
122	1	YGRKKRRQRRRCCPGECVRTRRR
123	1	KLSSIESDV
124	1	YGRKKRRQRRRTALDWSLWQTE
125	1	IKPEAPGEDASPEEASLRHYLNLVTRQRY
126	1	YGRKKRRQRRRMKSNGSFPVNRRRMD
127	1	YGRKKRRQRRRVIKPLTKSYQGSGK
128	1	SGTQEEY
129	1	HLNILSTLWKYR
130	1	QSHYRHISPAQV
131	1	HSDATFTAEYSKLLAKLALQKYLESILGSSTSPRPPSS
132	1	THRPPMWSPVWP
133	1	RRRQRRKKRGYAGQWGESV
134	1	YAFQVVG
135	1	YSMVFVGIKL
136	1	CYFQNCPRG
137	1	DQSRPVQPFLNLTTPRKPRPPRRRQRRKKR
138	1	RLLRLLRRRRRRRR
139	1	HGLASTLTRWAHYNALIRA
140	1	ASTTTNYT
141	1	ELYENLPRRPYIL
142	1	PWVPSWMPPRHT
143	1	YWAGGDASGE
144	1	HSDAVFTDNYTRLRKQMAVKKYLNSILN
145	1	TFFYGGSRGRRNNFRTEEY
146	1	AGCKNFFWKTFTSC
147	1	SGRKSSKMQA
148	1	CLSGSSCSHYPTSYNCCRSCNHYPYSRKCR
149	1	YPWGF
150	1	XLINKERRQIKIWFQNRRMKWKK
151	1	LVVYPWT
152	1	FCFWKTCT
153	1	XXYAFEVVG
154	1	WDPVL
155	1	VRLPPPVLPPPVRLPPP
156	1	PYRPLPDCCRQKTCSCRLYELLHGAGNHAAGILTL
157	1	YAGFLRSSRRLSYSRRRF
158	1	THRPPMWSPVWPN
159	1	PYRHWSYGLRPG
160	1	AGILKRW
161	1	YGRKKRRQRRRSFNSYELGSL
162	1	VQITYK
163	1	LQVYGDGDHNGLYADNVN
164	1	DGGLAG
165	1	PTLHTHNRRRRRRPRTRLHTHRNR
166	1	NTGSPYE
167	1	YRFA
168	1	YAFSVVG
169	1	YAFFN
170	1	FCYWRNTPENTN
171	1	YTGFLS
172	1	CYIQNCPLG
173	1	PPYAFEVVG
174	1	FYPENGFPEN
175	1	HSDGIFTDSYSRYRKQMAVKKYLAAVL
176	1	DVQPPGLKVWSDPF
177	1	IGTLTT
178	1	ELYENKPRRPYIL
179	1	SHAVS
180	1	YAGFNA
181	1	GRKKRRQRRRPPRPKRPTTLNLFPQVPRSQ
182	1	QQLLGTGRVQGYDGYFVLSVEQYLELSDSANNIHFMRQSEI
183	1	MEHFPGP
184	1	FCYWKVCT
185	1	YGRKKRRQRRRCSEPTLDVKI
186	1	RRYAFEVVG
187	1	YASPKSFRYPNGVLACT
188	1	CGFLGGRRRGFGGIGGC
189	1	HGLASTLTRWAHYNALIRAFGGG
190	1	SGSWLRDVWDWICTVLTDFKTWLQSKL
191	1	XLINKERRRLSYSRRRF
192	1	VRLPPPVRLPPPVRPPP
193	1	RKPWLL
194	1	MPEGYPENGFPEN
195	1	MELANTANII
196	1	GFVRFRLSNTR
197	1	PGPLP
198	1	YAGFLR
199	1	PACAPYGRKKRRQRRR
200	1	CCAQK
201	1	YGRKKRRQRRRGEPHKFKREW
202	1	TPPVSHAV
203	1	LRKLRKRLLR
204	1	RKRIRLVTKKKRRKRIRLVTKKKR
205	1	MRWFFSHASQGR
206	1	HP
207	1	SYSMEHFRWGKPV
208	1	DMTDCITFNMKN
209	1	FCYWKVCTNH
210	1	LLVVYPWT
211	1	RXPYIL
212	1	YPENGFC
213	1	RKRIRLVTKKKR
214	1	RPGPPGLQGRLQRLLQANGNHAAGILTM
215	1	KKPYILKKPYIL
216	1	YXGFL
217	1	YAFQAVG
218	1	XRGGRLSYSRRRFSTSTGR
219	1	KISHLLNYRTWL
220	1	CYFQNCP
221	1	CKGKGAKCSRLMYDCCTGSCRSGKC
222	1	XLINKERRGGRLSYSRRRFSTSTGR
223	1	HRPYIAHC
224	1	YPENGFPENFA
