index	label	Sequence
0	1	DLGPPISLERLDVGTNLGNAIAKLEAKELLESSD
1	1	HRIDLGPPISLERLDVGTNLGNAIAKLEAKELLE
2	1	IDLGPPISLERLDVGTNLGNAIAKLEAKELLESS
3	1	LERLDVGTNLGNAIAKLEAKELLESSDQILRSMK
4	1	LGPPISLERLDVGTNLGNAIAKLEAKELLESSDQ
5	1	LHRIDLGPPISLERLDVGTNLGNAIAKLEAKELL
6	1	PISLERLDVGTNLGNAIAKLEAKELLESSDQILR
7	1	PPISLERLDVGTNLGNAIAKLEAKELLESSDQIL
8	1	RIDLGPPISLERLDVGTNLGNAIAKLEAKELLES
9	1	SLERLDVGTNLGNAIAKLEAKELLESSDQILRSM
10	1	ALLSTNKAVVSLSNGVSVLTSKVLDLKNYIDKQ
11	1	AVSKVLHLEGEVNKIALLSTNKAVVSLSNGVSV
12	1	EVNKIALLSTNKAVVSLSNGVSVLTSKVLDLKN
13	1	GEVNKIALLSTNKAVVSLSNGVSVLTSKVLDLK
14	1	IALLSTNKAVVSLSNGVSVLTSKVLDLKNYIDK
15	1	KIALLSTNKAVVSLSNGVSVLTSKVLDLKNYID
16	1	LEGEVNKIALLSTNKAVVSLSNGVSVLTSKVLD
17	1	NKIALLSTNKAVVSLSNGVSVLTSKVLDLKNYI
18	1	SKVLHLEGEVNKIALLSTNKAVVSLSNGVSVLT
19	1	VAVSKVLHLEGEVNKIALLSTNKAVVSLSNGVS
20	1	VNKIALLSTNKAVVSLSNGVSVLTSKVLDLKNY
21	1	VSKVLHLEGEVNKIALLSTNKAVVSLSNGVSVL
22	1	ERKVDFLEENITALLEEAQIQQEKNMYELQKLNSW
23	1	EWERKVDFLEENITALLEEAQIQQEKNMYELQKLN
24	1	FLEENITALLEEAQIQQEKNMYELQKLNSWDVFGN
25	1	KVDFLEENITALLEEAQIQQEKNMYELQKLNSWDV
26	1	QEWERKVDFLEENITALLEEAQIQQEKNMYELQKL
27	1	RKVDFLEENITALLEEAQIQQEKNMYELQKLNSWD
28	1	VDFLEENITALLEEAQIQQEKNMYELQKLNSWDVF
29	1	WERKVDFLEENITALLEEAQIQQEKNMYELQKLNS
30	1	WQEWERKVDFLEENITALLEEAQIQQEKNMYELQK
31	1	RGGRLCYCRRRFCICV
32	1	QKKCPGRCTLKCGKHERPTLPYNCGKYICCVPVKVK
33	1	EKKCPGRCTLKCGKHERPTLPYNCGKYICCVPVKVK
34	1	AVSPTTLRTEVVKTFRRDKPFPHRMDCVTT
35	1	LAEGPPVKECAVTCRYDKDADINVVTQARN
36	1	VSRRYLASLHKKALPTSVTFELLFDGTNPS
37	1	GWFEGWFNRSPWFTT
38	1	VEENMKKLEERLKKREELFKKQEEWFKKWFERSKKFT
39	1	VRDNMAKLRERLKQRQQLFDSQQGWFEGWFNRSPWFT
40	1	EWYNQTKDLQQKFYEIIMDIEQNNVQGKKGIQQLQ
41	1	GEWYNQTKDLQQKFYEIIMDIEQNNVQGKKGIQQL
42	1	GNITLGEWYNQTKDLQQKFYEIIMDIEQNNVQG
43	1	ITLGEWYNQTKDLQQKFYEIIMDIEQNNVQGKKGI
44	1	IWNHGNITLGEWYNQTKDLQQKFYEIITMDIEQNNV
45	1	LGEWYNQTKDLQQKFYEIIMDIEQNNVQGKKGIQQ
46	1	NITLGEWYNQTKDLQQKFYEIIMDIEQNNVQGK
47	1	NQTKDLQQKFYEIIMDIEQNNVQGKKGIQQLQKWE
48	1	TKDLQQKFYEIIMDIEQNNVQGKKGIQQLQKWEDW
49	1	TLGEWYNQTKDLQQKFYEIIMDIEQNNVQGKKG
50	1	WNHGNITLGEWYNQTKDLQQKFYEIIMDIEQNNVQ
51	1	WYNQTKDLQQKFYEIIMDIEQNNVQGKKGIQQLQK
52	1	YNQTKDLQQKFYEIIMDIEQNNVQGKKGIQQLQKW
53	1	AGAGTGATAIGMVTQYHQVL
54	1	CNCTNSSSSYSGTKMACPSNRG
55	1	EGGTLGNWAREIWATLFKKA
56	1	EGPGLGNWAREIWATLFKKA
57	1	EGPTGGNWAREIWATLFKKA
58	1	EGPTLGGWAREIWATLFKKA
59	1	EGPTLGNWAGEIWATLFKKA
60	1	EGPTLGNWAREGWATLFKKA
61	1	EGPTLGNWAREIWAGLFKKA
62	1	EGPTLGNWAREIWATGFKKA
63	1	EGPTLGNWAREIWATLFKGA
64	1	EGPTLGNWAREIWATLFKKA
65	1	EGPTLGNWAREIWATLFKKG
66	1	EGPTLGNWAREIWATLGKKA
67	1	EGPTLGNWAREIWGTLFKKA
68	1	EGPTLGNWARGIWATLFKKA
69	1	EGPTLGNWGREIWATLFKKA
70	1	EIWATLFKKATRQCRRGRIW
71	1	GGPTLGNWAREIWATLFKKA
72	1	HVMLALATVLSIAGAGTGATAI
73	1	IGLKVEAMEKFLYTAFAMQE
74	1	IGNIPQYLKGLLGGILGIGL
75	1	LGNWAREIWATL
76	1	LGNWAREIWATLFK
77	1	LGNWAREIWATLFKKA
78	1	LLGGILGIGLGVLLLILCLP
79	1	LQKWEDWVRWIGNIPQYLKG
80	1	NQTKDLQQKFYEIIMDIEQN
81	1	NVQGKTGIQQLQKWEDWVRW
82	1	PDYLLVPEEVMEYKPRRKRAAI
83	1	PTLGNWAREIWATLFKKA
84	1	RGILRNWYNPFAGLRQSLEQ
85	1	SGTKMACPSNRGILRNWYNP
86	1	TGALKINNLRLVTLEHQVLV
87	1	TRQCRRGRIWKRWNETITGP
88	1	YKPRRKRAAIHVMLALATVLSI
89	1	KHMHWHPPALNT
90	1	LPRRLHLEPAFLPYSVKAHEC
91	1	LPRRLHLEPAFLPYSVKAHECC
92	1	RRLHLEPAFLPYSVKAHECC
93	1	AIKWEYVLLLFLL
94	1	IKWEYVLLLFLL
95	1	KWEYVLLLFLL
96	1	SFAIKWEYVLLLFLL
97	1	VSFAIKWEYVLLLFL
98	1	WEYVLLLFLL
99	1	SWLRDIWDWACEVLSDFK
100	1	SWLRDIWDWECEVLSDFK
101	1	SWLRDIWDWGCEVLSDFK
102	1	SWLRDIWDWICELLSDFK
103	1	SWLRDIWDWLCELLSDFK
104	1	SWLRDIWDWSCEVLSDFK
105	1	SWLRDIWDWVCEVLSDFK
106	1	SWLRDLWDWICELLSDFK
107	1	SWLRDLWDWICEVLSDFK
108	1	SWLRDLWDWLCELLSDFK
109	1	SWLRDLWDWLCEVLSDFK
110	1	SGSWLRDIWDWICEVLSDFK
111	1	GSWLRDIWDWICEVLSDFK
112	1	SWLRDIWDWICEVLSDFKT
113	1	SWLRDIWDWICEVLSDFKTW
114	1	SWRLIDWDWICEVLSDFK
115	1	SWLRDIWDWICEVL
116	1	KFDSLVECIWDWIDRLWS
117	1	KWLCRIWSWISDVLDDFE
118	1	SIWRDWVDLICEFLSDWK
119	1	SWLRDVWDWICTVLTDFK
120	1	SWLRDVWDWVCTILTDFK
121	1	DWLRIIWDWVCSVVSDFK
122	1	SWLWEVWDWVLHVLSDFK
123	1	SWLRDVWDWVCTVLSDFK
124	1	SWLRDIWDWISEVLSDFK
125	1	SWLRDIWDWIREVLSDFK
126	1	SWLRDIWDWIEEVLSDFK
127	1	SWLDDIWDWICEVLSDFE
128	1	SWLRDIWDWICKVLSDFK
129	1	SWLDRIWRWICKVLSRFE
130	1	SWLRDIWRWICKVLSRFK
131	1	SWLRRIWRWICKVLSRFK
132	1	DITIQISVALDPIDISIELNKAKSDLEESKEWIRRSNQKLDSIGN
133	1	SIELNKAKSDLEESKEWIRRSNQKLDSI
134	1	VALDPIDISIELNKAKSDLEESKEWIRR
135	1	VALDPIDISIELNKAKSDLEESKEWIRRSNQKLDSD
136	1	VALDPIDISIELNKAKSDLEESKEWIRRSNQKLDSI
137	1	VANDPIDISIELNKAKSDLEESKEWIRRSNQKLDSI
138	1	VYTDKVDISSQISSMNQSLQQSKDYIKEAQKILDTV
139	1	KVDISSQISSMNQSLQQSKDYIKEAQRLLDTVNPSL
140	1	TSQNIRS
141	1	ACKFWW
142	1	AEPERRNIKYL
143	1	AIPCGESCVWIPCISAAIGCSCKNKVCYR
144	1	AKITFTNNHPRTIWP
145	1	CGESCAMISFCFTEVIGCSCKNKVCYLNSIS
146	1	CGESCVFIPCITSVAGCSCKSKVCYRNGIP
147	1	CGSVFLVGQLFTFSPRHH
148	1	CLGVGSCNDFAGCGYAIVCFW
149	1	DCPNGPWVWVPAFCQAVGWG
150	1	DREINNYTSLIHSLIEESQNQQEKNEQELLELDKWA
151	1	EELAKKAEELAKKAEELAKKAEELAKKAWASLWNWF
152	1	EWDREINNYTSLIHSLIEESQNQQEKNEQELLELDK
153	1	FKCRRWQWRM
154	1	FKRIVQRIKDFLR
155	1	GADFQECMKEHSQKQHQHQG
156	1	GDPTFCGETCRVIPVCTYSAALGCTCDDRSDGLCKRN
157	1	GFCRCICTRGFCRCICTR
158	1	GFCRCLCRRGVCRCICTR
159	1	GFKRIVQRIKDFLRNLV
160	1	GFPCGESCVFIPCISAAIGCSCKNKVCYRN
161	1	GICRCICGRGICRCYCGR
162	1	GICRCICGRRICRCICGR
163	1	GICRCYCGRGICRCICGR
164	1	GIGGKILSGLKTALKGAAKELASTYLH
165	1	GIGTKILGGVKTALKGALKELASTYAN
166	1	GIKEFKREFQRIKDFLRNLV
167	1	GIKEFKRIVQRIKDFLRNLV
168	1	GIKQFKRIVQRIKDFLRNLV
169	1	GIKYFSMVGNWAKVLVVL
170	1	GIPCAESCVWIPCTVTALVGCSCSDKVCYN
171	1	GIPCGESCVFIPCLTTVAGCSCKNKVCYRN
172	1	GLPICGETCVGGTCNTPGCSCSWPVCTRN
173	1	GPWVWVPAFCQAVGWGDPIT
174	1	GRFKRFRKKFKKLFKKIS
175	1	GRFKRFRKPFKKLFKKIS
176	1	GRFKRXRKKXKKLFKKIS
177	1	GTACGESCYVLPCFTVGCTCTSSQCFKN
178	1	GTKALTEVIPLTEEAEC
179	1	GTKWLTEWIPLC
180	1	GTKWLTEWIPLTAEAEC
181	1	GTKWLTEWIPLTAEC
182	1	GVCRCICGRGVCRCICGR
183	1	GVCRCICGRGVCRCICRR
184	1	GVIPCGESCVFIPCISAAIGCSCKNKVCYRN
185	1	GVPCGESCVFIPCITGVIGCSCSSNVCYLN
186	1	GYCRCICGRGICRCICGR
187	1	HAKFWW
188	1	HCAFWW
189	1	HCKAWW
190	1	HCKFWF
191	1	HCKFWG
192	1	HCKFWH
193	1	HCKFWI
194	1	HCKFWR
195	1	HCKFWV
196	1	HCKFWW
197	1	HCKFWY
198	1	IWNNMTWMEWDREINNYTSLIHSLIEESQNQQEKNE
199	1	KIMAKPSKFYEQLRGR
200	1	KIPCGESCVWIPCLTSVFNCKCENKVCYHD
201	1	KIPCGESCVWIPCVTSIFNCKCENKVCYHD
202	1	KPVSLSYRCPCR
203	1	KPVSLSYRCPCRF
204	1	KPVSLSYRCPCRFF
205	1	KQTENLADTY
206	1	LCDCPNGPWVWVPAFCQAVG
207	1	LEAIPCSIPPCFAFNKDFVF
208	1	LEAIPCSIPPCFAFNKPFVF
209	1	LEAIPCSIPPCLAFAKPFVF
210	1	LEAIPCSIPPCVFFGKPFVF
211	1	LEAIPCSIPPCVFFNKPFVF
212	1	LEAIPCSIPPCVGFGKPFVF
213	1	LEAIPCSIPPCVLFNKPFVF
214	1	LEAIPCSIPPECLFGKPFVF
215	1	LEAIPCSIPPEFLFGKPFVFLEAIPCSIPPEFLFGKPFVF
216	1	LEAIPISIPPEVFFGKPFVF
217	1	LEAIPMCIPPECFFNKPFVF
218	1	LEAIPMCIPPECLFGKPFVF
219	1	LEAIPMCIPPECLFNKPFVF
220	1	LEAIPMKIPPEFLFGKPFVF
221	1	LEAIPMSCPPEFCFGKPFVF
222	1	LEAIPMSIPPEFAFNKDFVF
223	1	LEAIPMSIPPEFLFGKPFVF
224	1	LEAIPMSIPPEIAFNKPFVF
225	1	LEAIPMSIPPELAFAKPFVF
226	1	LEAIPMSIPPEVKFNKPFVF
227	1	LIHSLIEESQNQQEKNEQELLELDKWASLWNWFNIT
228	1	LLGDLLRKSKEKIGKEFKRIVQRIKDFLRNLVPRTES
229	1	LLRIPQAIMDMIAGAHWG
230	1	LPLPAPSFHRTT
231	1	LSYRCPCRFF
232	1	MEWDREINNYTSLIHSLIEESQNQQEKNEQELLELD
233	1	NEYHGFVDKANNENKRKKQQGRDDFVVKPNNFANRRRK
234	1	DDYNENYYDDVDAADVV
235	1	NGVIPCGESCVFIPCISTLLGCSKNKVCYR
236	1	NMTWMEWDREINNYTSLIHSLIEESQNQQEKNEQEL
237	1	NNMTWMEWDREINNYTSLIHSLIEESQNQQEKNEQE
238	1	NNYTSLIHSLIEESQNQQEKNEQELLELDKWASLWN
239	1	NYTSLIHSLIEESQNQQEKNEQELLELDKWASLWNW
240	1	PNGPWVWVPAFCQAVGWGDP
241	1	PQITLRKKRRQRRRPPQVSFNFATLNF
242	1	PQITLRKKRRQRRRPPQVSFNFCTLNF
243	1	PTGERVWDRGNVTLLCDCPN
244	1	PVSLSYRCPCRFFE
245	1	QIWNNMTWMEWDREINNYTSLIHSLIEESQNQQEKN
246	1	QLLDVVKRQQEMLRLTVWGTKNLQARVTAIEKYLKDQ
247	1	QLLIRMIYKNI
248	1	QLLIRMIYKNILFYLVPGPGHGAEPERRNIKYL
249	1	RGGRLCYCRRRFCVCVGR
250	1	RGNVTLLCDCPNGPWVWVPA
251	1	RIPTGERVWDRGNVTLLCDC
252	1	RMIYKNILFYLVPGPGHGAEPERRNIKYL
253	1	SGKSFKAGVCPPKKSAQCLRYKKPECQSDWQCPGKKR
254	1	CCPDTCGIKCLDPVDTPNPTRRKPGKCPVTYGQCLMLN
255	1	PPNFCEMDGQCKRDLKCCMGMCGKSCVSPVKA
256	1	SKEKIGKEFKRIVQRIKDFLR
257	1	SLIHSLIEESQNQQEKNEQELLELDKWASLWNWFNI
258	1	SNQGGSPLPRSV
259	1	SSGLYHVTNDCPNSSIVY
260	1	SYRCPCRFFES
261	1	SYSMEHFRWGKPV
262	1	TFCGETCRVIPVCTYSAALGCTCDDRSDGLCKRNGDP
263	1	TLLCDCPNGPWVWVPAFCQA
264	1	TSLIHSLIEESQNQQEKNEQELLELDKWASLWNWFN
265	1	TWMEWDREINNYTSLIHSLIEESQNQQEKNEQELLE
266	1	VCYRNGIPCGESCVWIPCISAALGSCK
267	1	WDREINNYTSLIHSLIEESQNQQEKNEQELLELDKW
268	1	WDRGNVTLLCDCPNGPWVWV
269	1	WMEWDREIEALAKAAEALAKAAEALAKAAWASLWNWF
270	1	WMEWDREIEEAAKKLEEAAKKLEEAAKKLWASLWNWF
271	1	WMEWDREINNYTSLIGSLIEESQNQQEKNEQELLE
272	1	WMEWDREINNYTSLIHSLIEESQNQQEKNEQELLE
273	1	WMEWDREINNYTSLIHSLIEESQNQQEKNEQELLEL
274	1	WNNMTWMEWDREINNYTSLIHSLIEESQNQQEKNEQ
275	1	WVWVPAFCQAVGWGDPITHW
276	1	YCKKCCYHCQ
277	1	YPGHITGHRMANMMMNW
278	1	YQCGQGG
279	1	YQLAIRMIYKNI
280	1	YQLLIRAIYKNI
281	1	YQLLIRMAYKNI
282	1	YQLLIRMIAKNI
283	1	YQLLIRMIY
284	1	YQLLIRMIYANI
285	1	YQLLIRMIYKAI
286	1	YQLLIRMIYKNA
287	1	YQLLIRMIYKNI
288	1	YTSLIHSLIEESQNLQEKNEQELLELDKWASLWNWF
289	1	YTSLIHSLIEESQNQQEKLEQELLELDKWASLWNWF
290	1	YTSLIHSLIEESQNQQEKNEQELLELDKWASLANWF
291	1	YTSLIHSLIEESQNQQEKNEQELLELDKWASLFNFF
292	1	YTSLIHSLIEESQNQQEKNEQELLELDKWASLWNAF
293	1	YTSLIHSLIEESQNQQEKNEQELLELDKWASLWNSF
294	1	YTSLIHSLIEESQNQQEKNEQELLELDKWASPWNWF
295	1	YTSLIHSLIEESQNQQEKNEQELLQLDKWASLWNWF
296	1	YTSLIHSLIEESQNQQEKNEQQLLELDKWASLWNWF
297	1	YTSLIHSLIEESQNQQEKNQQELLQLDKWASLWNWF
298	1	YTSLIHSLIEESQQQQEKNEQELLELDKWASLWNWF
299	1	YTSLIHSLIEQSQNQQEKNEQELLELDKWASLWNWF
300	1	YTSLIHSLIQESQNQQEKNEQELLELDKWASLWNWF
301	1	YTSLIQSLIEESQNQQEKNEQELLELDKWASLWNWF
302	1	YTSLIQSLIEESQNQQEKNEQQLLELDKWASLWNWF
303	1	ALWKTMLKKLGTMALHAGKAALGAAADTISQGTQ
304	1	GLFGVLAKVAAHVVPAIAEHF
305	1	GLLSVLGSVAKHVLPHVVPVIAEHL
306	1	CGRLLLRRQRRRAHQN
307	1	EWRKKRYSTQV
308	1	FFGKVLKLIRKIF
309	1	FFHHIFRGIVHVGKTIHRLVTG
310	1	GFKDLLKGAAKALVKTVLF
311	1	GFLDIIEKIAKSW
312	1	GFLSILKKVLPKVMAHMK
313	1	GFNEIVQDIEDFLQNLV
314	1	GIGAVLKVLTTGLPALISWIKRKRQQ
315	1	GIIDIAKKLFESW
316	1	GIWDTIKSMGKVFAGKILQNL
317	1	GIWSDLAEIIKKF
318	1	GLLGLLGSVVSHVVPAIVGHF
319	1	GLRRLLGRLLRRLGRLLLR
320	1	GLRSKIWLWVLLMIWQESNKFKKM
321	1	GLRSRIWLWVLLMIWQESNRFKRM
322	1	GWFDIIKKIASEL
323	1	GWFDVVKHIAKRF
324	1	ILGPVLGLVSRTLRRVLGIL
325	1	LLKELWTKIKGAGKAVLGKIKGLL
326	1	MTWEAWDRAIAEYAARIEALIRAAQEQQEKNEAALREL
327	1	MTWMAWDRAIANYAALIHALIEAAQNQQEKNEAALLEL
328	1	MTWMEWDREINNYTSLIHSLIEESQNQQEKNEQELL
329	1	MTWMEWDREINNYTSLIHSLIEESQNQQEKNEQELLEL
330	1	SLSRFLRFLKIVYRRAF
331	1	TTWEAWDRAIAEYAARIEALIRAAQELQEKLEAALREL
332	1	TTWEAWDRAIAEYAARIEALIRAAQELQEKNEAALREL
333	1	TTWEAWDRAIAEYAARIEALIRAAQEQQEKLEAALREL
334	1	TTWEAWDRAIAEYAARIEALIRAAQEQQEKLEAVLREL
335	1	TTWEAWDRAIAEYAARIEALIRAAQEQQEKNEAALREL
336	1	TTWEAWDRAIAEYAARIEALIRALQELQEKLEAILREL
337	1	TTWEAWDRAIAEYAARIEALIRALQELQEKNEAALREL
338	1	TTWEAWDRAIAEYAARIEALIRALQELQEKNEAILREL
339	1	TTWEAWDRAIAEYAARIEALIRALQEQQEKNEAALREL
340	1	TTWEAWDRAIAEYAARIEALIRALQEQQEKNEAILREL
341	1	TTWEEWDREINEYTSRIESLIRESQEQQEKNEQELREL
342	1	VFQFLGRIIHHVGNFVHGFSHVF
343	1	WQEWEQKITALLEQAQIQQEKNEYELQKLDKWASLWEWF
344	1	YTSLIHSLIEESQNQQEKNEQELLELDKWASLWNWF
345	1	YVSGKARGWFYRHHY
346	1	YVSGKARGWFYRHHYESPHPRISSEVHIPLGDARLV
347	1	AEGIGALFLGFLGAAGSTMGARSMTLTVQARQL
348	1	AVGIGALFLGFLGAAGSTMGARSMTLTVQARQL
349	1	AIRDTNKAVQSVQSSIGNLIVAIKSVQDYVNKEIV
350	1	AKQARSDIEKLKEAIRDTNKAVQSVQSSIGNLIVA
351	1	ALDPIDISIELNKAKSDLEESKEWIRRSNQKLDSI
352	1	ARSDIEKLKEAIRDTNKAVQSVQSSIGNLIVAIKS
353	1	AVALVEAKQARSDIEKLKEAIRDTNKAVQSVQSSI
354	1	DISIELNKAKSDLEESKEWIRRSNQKLDSIGNWHQ
355	1	DPIDISIELNKAKSDLEESKEWIRRSNQKLDSIGN
356	1	EAKQARSDIEKLKEAIRDTNKAVQSVQSSIGNLIV
357	1	KLKEAIRDTNKAVQSVQSSIGNLIVAIKSVQDYVN
358	1	KQARSDIEKLKEAIRDTNKAVQSVQSSIGNLIVAI
359	1	LNNSVALDPIDISIELNKAKSDLEESKEWIRRSNQ
360	1	LVEAKQARSDIEKLKEAIRDTNKAVQSVQSSIGNL
361	1	RSDIEKLKEAIRDTNKAVQSVQSSIGNLIVAIKSV
362	1	SDIEKLKEAIRDTNKAVQSVQSSIGNLIVAIKSVQ
363	1	SVALDPIDISIELNKAKSDLEESKEWIRRSNQKLD
364	1	TAAVALVEAKQARSDIEKLKEAIRDTNKAVQSVQS
365	1	TLNNSVALDPIDISIELNKAKSDLEESKEWIRRSN
366	1	VEAKQARSDIEKLKEAIRDTNKAVQSVQSSIGNLI
367	1	ALDPIDISIELNKAKSDLEESKEWIRRSNQKLDS
368	1	AQITAAVALVEAKQARSDIEKLKEAIRDTNKAVQS
369	1	DPIDISIELNKAKSDLEESKEWIRRSNQKLDSIG
370	1	IDISIELNKAKSDLEESKEWIRRSNQKLDSIGNW
371	1	LDPIDISIELNKAKSDLEESKEWIRRSNQKLDSI
372	1	LKEAIRDTNKAVQSVQSSIGNLIVAIKSVQDYVNK
373	1	NSVALDPIDISIELNKAKSDLEESKEWIRRSNQK
374	1	PIDISIELNKAKSDLEESKEWIRRSNQKLDSIGN
375	1	QARSDIEKLKEAIRDTNKAVQSVQSSIGNLIVAIK
376	1	FKCRRWQWRMKKLGA
377	1	FKCRRWQWRMKKLGAPSITCVRRAF
378	1	RFLVCWKQKIWGKARPSMCTRRARF
379	1	TKCFQWQRNMRKVRGPPVSCIKRDS
380	1	TKCFQWQWNMRKVRGPPVSCIKRDS
381	1	TKCRRWQRNMRKVRGPPVSCIKRDS
382	1	AAHLIDALYAEFLGGRVLTTPVVHRALFYASAVLRQPFLAGVPSA
383	1	CYCRIPACIAGERRYGTCIYQGRLWAFCC
384	1	FLPVLAGIAAKVVPALFCKITKKC
385	1	GHRRYFTFGGGYVYF
386	1	GIGKFLHSAGKFGKAFVGEIMKS
387	1	GLASTLTRWAHYNALIRAF
388	1	HEFVPLEVYTRHEIK
389	1	HRWRKRWRKWRWRKRWRK
390	1	KRWRKRWRKKRWRKRWRK
391	1	KTTSSIEFARLQFTY
392	1	KVLTTGLPALISWIKRKRQQ
393	1	LLGDFFRKSKEKIGKEFKRIVQRIKDFLRNLVPRTES
394	1	LRKLRKRLL
395	1	LRKRKRL
396	1	LRKRKRLLK
397	1	LRKRKRLRK
398	1	LRKRKRLRKLRKRKRLRK
399	1	LRTRKRGRK
400	1	LRTRKRGRKLRTRKRGRK
401	1	LRWRKRWRKLRWRKRWRK
402	1	LRWRKRWRKWRWRKRWRK
403	1	RARRSLLIASALCTSDVAAATNADLRTALARADHQKTLFWL
404	1	RLTRKRGLK
405	1	RRCICTTRTCRFPYRRLGTCIFQNRVYTFCC
406	1	RRWRKRWRKRRWRKRWRK
407	1	RRWRKRWRKWRWRKRWRK
408	1	RTRKGRK
409	1	RTRKGRR
410	1	RTRKRWRKRTRKRGRK
411	1	RWRKRGRKRWRKRGRK
412	1	RWRKRWRKRWRKRWRK
413	1	RWRKRWRKWRWRKRWRK
414	1	RWRKRWRWRKRWRWRKRW
415	1	TARLQLEARLQHLVAEILEREQSLA
416	1	TARLQLEARLQHLVAEILEREQSLALHALGYQLAFV
417	1	TTPKFTVAWDWVPKR
418	1	VFQFLGKIIKKVGNFVKGFSKVF
419	1	VVCACRRALCLPLERRAGFCRIRGRIHPLCCRR
420	1	WRWRKRWRK
421	1	WRWRKRWRKWRWRKRWRK
422	1	YDHIQDHVNTMFSRLATSWCLLQNKERALWAEAA
423	1	YFYNAK
424	1	LRKRKRLLRKRKRL
425	1	RTRKRGRRTRKRGR
426	1	GIGKFLHSAKKFGKAFVGEIMNS
427	1	ILPWKWPWWPWRR
428	1	GMASKAGAIAGKIAKVALKAL
429	1	GIGKFLKKAKKGIGAVLKVLTTGL
430	1	ALSKALSKALSKALSKALSKALSK
431	1	KKLLKKLKKLLKKL
432	1	IDISIELNKAKSDLEESKEWIRRSNQKLDSIGNWH
433	1	LDPIDISIELNKAKSDLEESKEWIRRSNQKLDSIG
434	1	NNSVALDPIDISIELNKAKSDLEESKEWIRRSNQK
435	1	NSVALDPIDISIELNKAKSDLEESKEWIRRSNQKL
436	1	PIDISIELNKAKSDLEESKEWIRRSNQKLDSIGNW
437	1	SIELNKAKSDLEESKEWIRRSNQKLDSIGNWHQSS
438	1	VALDPIDISIELNKAKSDLEESKEWIRRSNQKLDS
439	1	CATCEQIADSQHRSHRQMV
440	1	CATCQIADSHRSHRQMV
441	1	PPWCCCSPMKRASPPPAQSDLPATPKCPP
442	1	RRKKAAVALLPAVLLALLAP
443	1	RRKKAVLLALLAP
444	1	RRKKLPAVLLALLAP
445	1	RRKKPAVLLALLAP
446	1	RRKKVLLALLAP
447	1	RRKKAAVALLAVLLALLA
448	1	RRKKVALLAVLLALLA
449	1	GLLRKGGEKIGEKLKKIGQKIKNFFQKLVPQPEQ
450	1	RKAVLLALLA
451	1	RKKLAVLLALLA
452	1	RRKKAAAAAAAAA
453	1	RRKKLAVLLALLA
454	1	RRKKLLAVLLALLA
455	1	HGVSGHGQHGVHG
456	1	KWKVFKKIEKMGRNIRNGIVKAGPAIAVLGEAKAL
457	1	ADRDQYELL
458	1	DQKDEYELL
459	1	EDLIWK
460	1	DLGPPISLERLDVGTNLGNAIAKLEDAKELLESSD
461	1	IDLGPPISLERLDVGTNLGNAIAKLEDAKELLESS
462	1	LERLDVGTNLGNAIAKLEDAKELLESSDQILRSMK
463	1	LGPPISLERLDVGTNLGNAIAKLEDAKELLESSDQ
464	1	LHRIDLGPPISLERLDVGTNLGNAIAKLEDAKELL
465	1	PISLERLDVGTNLGNAIAKLEDAKELLESSDQILR
466	1	PPISLERLDVGTNLGNAIAKLEDAKELLESSDQIL
467	1	RIDLGPPISLERLDVGTNLGNAIAKLEDAKELLES
468	1	SLERLDVGTNLGNAIAKLEDAKELLESSDQILRSM
469	1	LFRLIKSLIKRLVSAFK
470	1	ECKFTVKPYLKRFQVYYKGRMWCP
471	1	GIKCRFCCGCCTPGICGVCCRF
472	1	GFIFHIIKGLFHAGKMIHGLV
473	1	CDSCERCWYVWLILLRVRLRLLVSL
474	1	CTMCRYQQNCFTRRLIVGGMLLVFV
475	1	PPDVHTPPHALWRLHLSLRVCLVRMWIH
476	1	DASISQVNEKINQSLAFIRKSDELLHNVNAGKSTT
477	1	DEFDASISQVNEKINQSLAFIRKSDELLHNVNAGK
478	1	EFDASISQVNEKINQSLAFIRKSDELLHNVNAGKS
479	1	FDASISQVNEKINQSLAFIRKSDELLHNVNAKST
480	1	FPSDEFDASISQVNEKINQSLAFIRKSDELLHNVN
481	1	FYDPLVFPSDEFDASISQVNEKINQSLAFIRKSDE
482	1	PLVFPSDEFDASISQVNEKINQSLAFIRKSDELLH
483	1	PSDEFDASISQVNEKINQSLAFIRKSDELLHNVNA
484	1	VFPSDEFDASISQVNEKINQSLAFIRKSDELLHNV
485	1	YDPLVFPSDEFDASISQVNEKINQSLAFIRKSDEL
486	1	DASISQVNEKINQSLAFIRKSDELLHNVNAGKSIT
487	1	DPLVFPSDEFDASISQVNEKINQSLAFIRKSDELL
488	1	KKRKRRFLGFLLGVGSA
489	1	SDEFDASISQVNEKINQSLAFIRKSDELLHNVNAG
490	1	SSVITSLGAIVSCYGKT
491	1	VITIELSNIKENKCNGAKVKLIKQELDKYKNAV
492	1	YTSVITIELSNIKENKCNGAKVKLIKQELDKYK
493	1	IQKEIDRLNEVAKNLNESLI
494	1	PTTFMLKYDENGTITDAVDC
495	1	QYGSFCTQLNRALSGIAAEQ
496	1	YQDVNCTDVSTAIHADQLTP
497	1	GVFVFNGTSWFITQRNFFS
498	1	GYFVQDDGEWKFTGSSYYY
499	1	GYHLMSFPQAAPHGVVFLHVTW
500	1	IQKEIDRLNEVAKNLNESLIDLQELGK
501	1	NGIGVTQNVLYENQKQIANQFNKAISQIQESLTTTSTA
502	1	VIAGGXAAIIG
503	1	VYINKLTPPCGTMYYACEAV
504	1	AALYKKKIIKKLLES
505	1	KNGRKLCLDLQAALY
506	1	KWKLFKKIGIGKFLHAAKKF
507	1	KWKLFKKIGIGKFLHFAKKF
508	1	KWKLFKKIGIGKFLHWAKKF
509	1	RRKKAAVAALPAVLLALLAP
510	1	RRKKAAVALAPAVLLALLAP
511	1	RRKKAAVALKPAVLLALLAP
512	1	RRKKAAVALLKAVLLAALAP
513	1	RRKKAAVALLKAVLLALAAP
514	1	RRKKAAVALLKAVLLALKAP
515	1	RRKKAAVALLPAVALALLAP
516	1	RRKKAAVALLPAVKLALLAP
517	1	RRKKAAVALLPAVLAALLAP
518	1	RRKKAAVALLPAVLEALLAP
519	1	RRKKAAVALLPAVLKALLAP
520	1	RRKKAAVALLPAVLLAKLAP
521	1	RRKKAAVALLPAVLLALL
522	1	RRKKAAVALLPAVLLALLA
523	1	RRKKALLPAVLLALLAP
524	1	RRKKAVALLPAVLLALLAP
525	1	RRKKLLPAVLLALLAP
526	1	RRKKVALLPAVLLALLAP
527	1	RWRWRW
528	1	MKATILLAVVVAVIVGVQEAQSVACRSYYCSKFCGSA
529	1	GCSLYGCYLLHPGKICYCLHCSRAESPLALSGSARN
530	1	VNDKNNEMDNSPVMNEMENLDQEMDMF
531	1	CGYRGLCRRFCHAQEYIVGHHGCPRRYRCC
532	1	CDVIALLACHLNT
533	1	CDVIALLCHLNTPSF
534	1	CDVIALLCHLNTPSFNTTHYRESWY
535	1	DTRACDVIALLCHLNT
536	1	SCASRCKGHCRARRCGYYVSVLYRGRCYCKCLRC
537	1	ACYCRIPACIAGERRYGTCIYQGRLWAFCC
538	1	ALWKTLLKKVLKAAAK
539	1	ALWKTLLKKVLKAAAKAALNAVLVGANA
540	1	ALWMTLLKKVLKAAAK
541	1	ALWMTLLKKVLKAAAKAALNAVLVGANA
542	1	ARATCYCRTGRCATRESLSGVCEISGRLYRLCCR
543	1	FDASISQVNEKINQSLAFIRKSDELLHNVNAGKST
544	1	KPKQIKPPLPSV
545	1	NNLLRAIEAQQHLLQLTVWQIKQLQARILAVERYLKDQ
546	1	SVITIELSNIKENKCNGTDAKVKLIKQELDKYKNA
547	1	TSVITIELSNIKENKCNGTDAKVKLIKQELDKYKN
548	1	VITIELSNIKENKCNGTDAKVKLIKQELDKYKNAV
549	0	CVCVKTTSLVRPRHI
550	0	GLNGPDIYKGUYQFKSVEFD
551	0	RRKKLAALPLVLAAPLAVLA
552	0	RWRWRWRW
553	0	RWRWRWRWRW
554	0	SDDPKESEGDLHCVC
555	0	ALNTLVKQLSSNFGAISSVLNDILSRLDKVEAEVQIDRL
556	0	FKLPLGINITNFRAILTAFS
557	0	FKNHTSPDVDLGDISGINASVVNIQKEIDRLNEVAKNLNES
558	0	FNKAISQIQESLTTTSTALGKLQDVVNQNAQALNTLVKQL
559	0	GIGVTQNVLYENQKQIANQF
560	0	GINASVVNIQKEIDRLNEVAKNLNESLIDLQELGK
561	0	IDRLITGRLQSLQTYVTQQLIRAAEIRASANLAATK
562	0	IDRLNEVAKNLNESLIDLQELGKYEQYIKWPW
563	0	INASVVNIQKEIDRLNEVAKNLNESLIDL
564	0	INASVVNIQKEIDRLNEVAKNLNESLIDLQELGK
565	0	INASVVNIQKEIDRLNEVAKNLNESLIDLQELGKYEQYI
566	0	IQKEIDRLNEVAKNLNESLIDLQELGKYEQYIKWPW
567	0	ISGINASVVNIQKEIDRLNEVAKNLNESLIDLQELGK
568	0	ISGINASVVNIQKEIDRLNEVAKNLNESLIDLQELGKYEQYIKWPW
569	0	LDKYFKNHTSPDVDLGDISGINASVVNIQKEIDRLNEVAK
570	0	PALNCYWPLNDYGFYTTSGI
571	0	QPELDSFKEELDKYFKNHTSPDVDLGDISGINASVVNIQ
572	0	RDVSDFTDSVRDPKTSEILD
573	0	SFKEELDKYFKNHTSPDVDLGDISGINASVVNIQKEIDRLNE
574	0	SNNTIAIPTNFSISITTEVM
575	0	VLYNSTFFSTFKCYGVSATK
576	0	VVNIQKEIDRLNEVAKNLNESLIDLQELGK
577	0	VVNIQKEIDRLNEVAKNLNESLIDLQELGKYEQYIKWPW
578	0	VYDPLQPELDSFKEELDKYFKNHTSPDVDLGDISGINASVV
579	0	YVTQQLIRAAEIRASANLAATKMSECVLGQSKRVDFCGKG
580	0	ENKCNGTDAKVKLIKQELDKYKNAVTELQLLMQST
581	0	IELSNIKENKCNGTDAKVKLIKQELDKYKNAVTEL
582	0	IKENKCNGTDAKVKLIKQELDKYKNAVTELQLLMQ
583	0	ITIELSNIKENKCNGTDAKVKLIKQELDKYKNAVT
584	0	KENKCNGTDAKVKLIKQELDKYKNAVTELQLLMQS
585	0	LSNIKENKCNGTDAKVKLIKQELDKYKNAVTELQL
586	0	NIKENKCNGTDAKVKLIKQELDKYKNAVTELQLLM
587	0	SNIKENKCNGTDAKVKLIKQELDKYKNAVTELQLL
588	0	TIELSNIKENKCNGTDAKVKLIKQELDKYKNAVTE
589	0	CGRCLQRACCKYCRLKCRLILFVIF
590	0	CVTCKSTVLCDKMQHPCRRGPRCISC
591	0	LLPIVGNLLNSLL
592	0	MFTLKKSLLLLFFLGTINLSLCEEERNAEEERRDEPDE
593	0	RDVQVEKRLSPNLLKSLLGK
594	0	SLIGGLVSAFK
595	0	LFGLIPSLIGGLVSAFK
596	0	LNNSRA
597	0	LQMDDFELL
598	0	BBKKLAVAAALLA
599	0	BBKKLAVLLAAAA
600	0	CACIADHSH
601	0	CTCIADHRH
602	0	EEDDLAVLLALLA
603	0	RRKKAA
604	0	RRKKAALLVLAALAVLA
605	0	RRKKAAV
606	0	RRKKAAVA
607	0	RRKKAAVAL
608	0	RRKKAAVALL
609	0	RRKKAAVALLP
610	0	RRKKAAVALLPA
611	0	RRKKAAVALLPAV
612	0	RRKKAAVALLPAVLL
613	0	RRKKALLAP
614	0	RRKKAP
615	0	RRKKLALLAP
616	0	RRKKLAP
617	0	RRKKLLAP
618	0	AYQPLLSNTLAELYV
619	0	CIVEEVDARSVYPYD
620	0	CKNKEKKCCKNKEKKC
621	0	CPPPTGATVVQFEQP
622	0	CYSRPLVSFRYEDQG
623	0	DCIGKDARDAMDRIF
624	0	DDHETDMELKPANAA
625	0	DMELKPANAATRTSR
626	0	DNATVAAGHATLREH
627	0	DPKPKKNKKPKNPTP
628	0	DPTARLQLEARLQHLVAEILEREQSLALHA
629	0	DSGLLDYTEVQRRNQ
630	0	DVMAVSTCVPVAADN
631	0	DVREEEQLGERATGLNLNI
632	0	DYTEVQRRNQLHDLR
633	0	EARKLNPNAIASVTV
634	0	EEYAYSHQLSRADIT
635	0	EFVLATGDFVYMSPF
636	0	EPCTVGHRRYFTFGG
637	0	EQSRKPPNPTPPPPG
638	0	EVDEMLRSEYGGSFR
639	0	FEDRAPVPFEEVIDK
640	0	FSSDAISTTFTTNLT
641	0	FTFGGGYVYFEEYAY
642	0	GATVVQFEQPRRCPT
643	0	GENNELRLTRDAI
644	0	GGFLIAYQPLLSNTL
645	0	GGSFRFSSDAISTTF
646	0	GHRYSQFMGIFEDRA
647	0	GIGKFLKKAKKFGKAFVKILKK
648	0	GRRVSARMLGDVMAV
649	0	GSHTEHTTYAADRFK
650	0	GTPGVAAATQAANGG
651	0	GTTVNCIVEEVDARS
652	0	GWHTTDLKYNPSRVE
653	0	GYVYFEEYAYSHQLS
654	0	HATCSLAFALATSVALATRNDLLLRWAAARDAQTILSKRDR
655	0	HTTYAADRFKQVDGF
656	0	IAVVFKENIAPYKFK
657	0	IAWCELQNHELTLWN
658	0	IDLNITMLEDHEFVP
659	0	IEFARLQFTYNHIQR
660	0	INAKGVCRSTAKYVR
661	0	ISTTFTTNLTEYPLS
662	0	KDVTVSQVWFGHRYS
663	0	KENIAPYKFKATMYY
664	0	KNKKPKNPTPPRPAG
665	0	KNPTPPRPAGDNATV
666	0	KWKLFKKIEKVGQNIRDGIIKAGPAVAVVGQATQIAKB
667	0	LGRVAIAWCELQNHE
668	0	LHDLRFADIDTVIHA
669	0	LQFTYNHIQRHVNDM
670	0	LQLEARLQHLVAEILER
671	0	LQNHELTLWNEARKL
672	0	LQVAERLTRKYNELLKSYQ
673	0	LRDIKAENTDANFYV
674	0	LRKEKKRLLLRKEKKRLL
675	0	LRSEYGGSFRFSSDA
676	0	LSNTLAELYVREHLR
677	0	LTLWNEARKLNPNAI
678	0	LVSFRYEDQGPLVEG
679	0	MDRIFARRYNATHIK
680	0	MTKWQEVDEMLRSEY
681	0	NELRLTRDAIEPCTV
682	0	NFHAMFQPFLEMIHEAQQ
683	0	NHIQRHVNDMLGRVA
684	0	NNLETTAFHRDDHET
685	0	NPNAIASVTVGRRVS
686	0	NYTEGIAVVFKENIA
687	0	PANAATRTSRGWHTT
688	0	PATPAPPPLGAAPTG
689	0	PLGEEMRDRARAHVDALRTHLA
690	0	PLVEGQLGENNELRL
691	0	PPNPTPPPPGASANA
692	0	PPPLGAAPTGDPKPK
693	0	PPPPGASANASVERI
694	0	PRPAGDNATVAAGHA
695	0	PSRVEAFHRYGTTVN
696	0	PSVCTMTKWQEVDEM
697	0	PVLDEFREKLNEELEALKQKMK
698	0	PYSDELRQRLAARLEALKENGG
699	0	QFEQPRRCPTRPEGQ
700	0	QFMGIFEDRAPVPFE
701	0	QLGENNELRLTRDAI
702	0	QRRNQLHDLRFADID
703	0	QVDGFYARDLTTKAR
704	0	RADITTVSTFIDLNI
705	0	RALVDTLKFVTQAEGAK
706	0	REHLREQSRKPPNPT
707	0	RGGRLAYARRRFAVAVGRB
708	0	RGGRLAYCRRRFCVAVGRB
709	0	RHEIKDSGLLDYTEV
710	0	RPEGQNYTEGIAVVF
711	0	RRCPTRPEGQNYTEG
712	0	RSLEGTDRFPFVRLKNSRKLEFKDIKGIKREQFVKIL
713	0	RVDLGDCIGKDARDA
714	0	SHQLSRADITTVSTF
715	0	SMRISSRPGACYSRP
716	0	SQVWFGHRYSQFMGI
717	0	SRPGACYSRPLVSFR
718	0	STCVPVAADNVIVQN
719	0	SVERIKTTSSIEFAR
720	0	SWLSKTAKKLENSAKKRISEGIAIAIQGGPR
721	0	TAAGDARANAVAKAGLHDLNIETDTERNH
722	0	TAFHRDDHETDMELK
723	0	TGDFVYMSPFYGYRE
724	0	TLREHLRDIKAENTD
725	0	TMLEDHEFVPLEVYT
726	0	TRDAIEPCTVGHRRY
727	0	TRNLLTTPKFTVAWD
728	0	TRTSRGWHTTDLKYN
729	0	TTKARATAPTTRNLL
730	0	TTNLTEYPLSRVDLG
731	0	TVAWDWVPKRPSVCT
732	0	TWLATRGLLRSPGRYVYFSPSASTWPVGIWTTGELVLGCDAAL
733	0	VAADNVIVQNSMRIS
734	0	VCRSTAKYVRNNLET
735	0	VDARSVYPYDEFVLA
736	0	VEGQLGENNELRLTRDAIE
737	0	VFQFLGKIIHHVGNFVHGFSHVF
738	0	VFQFLGKIIHHVGNFVHGFSHVFB
739	0	VGQPQYYLANGGFLI
740	0	VIVQNSMRISSRPGA
741	0	VTDYGKDLMEKVKEWLNS
742	0	VTDYGKDLMEKVKSPELQ
743	0	VYPYDEFVLATGDFV
744	0	WVPKRPSVCTMTKWQ
745	0	YARDLTTKARATAPT
746	0	YEDQGPLVEGQLGEN
747	0	YGYREGSHTEHTTYA
748	0	YMSPFYGYREGSHTE
749	0	YQFHLVLHEALRAQALSRQLILGRELAQELVAELAT
750	0	YYQANGGFLIAYQPL
751	0	AAATQAANGGPATPA
752	0	AAGHATLREHLRDIK
753	0	AANGGPATPAPPPLG
754	0	AAPTGDPKPKKNKKP
755	0	ADRFKQVDGFYARDL
756	0	AELYVREHLREQSRK
757	0	AENTDANFYVCPPPT
758	0	AFHRYGTTVNCIVEE
759	0	AKYVRNNLETTAFHR
760	0	ANFYVCPPPTGATVV
761	0	ARLAEYHAKATEHLSTLSEKAK
762	0	ARMLGDVMAVSTCVP
763	0	ARRYNATHIKVGQPQ
764	0	ASANASVERIKTTSS
765	0	ASVTVGRRVSARMLG
766	0	ATAPTTRNLLTTPKF
767	0	ATHIKVGQPQYYQAN
768	0	ATMYYKDVTVSQVWF
769	0	DITLNNSVALDPIDISIELNKAKSDLEESKEWIR
770	0	NDITLNNSVALDPIDISIELNKAKSDLEESKEWIR
771	0	TPNDITLNNSVALDPIDISIELNKAKSDLEESKEW
772	0	VALDPIDISIELNKAKSDLEESKEWIRRSNQKLD
773	0	YTPNDITLNNSVALDPIDISIELNKAKSDLEESKE
774	0	GPGRAF
775	0	GRKKRRQRRRC
776	0	ANGSRIPTGERVWDRGNVTL
777	0	AQLLESVLQEERILALHAQARERLT
778	0	ARANVKHLKILNT
779	0	ARLKNNNRQVCID
780	0	CALQIVARLKNNN
781	0	CGTCVRDCWPETGSVRFPFH
782	0	CPCRFFES
783	0	CRANGSRIPTGERVWDRGNV
784	0	CRFFES
785	0	CSCRANGSRIPTGERVWDRG
786	0	DLEAVPFVNRTTPFTIRGPL
787	0	DPKLKWIQEYLEK
788	0	ELSEWGVPCVTCILDRRPAS
789	0	ETGSVRFPFHRCGTGPRLTK
790	0	FFESHVARANVKH
791	0	GAPASVLGSRPFDYGLKWQS
792	0	GICICICGRGICYCICGR
793	0	GICICICGYGICRCICGR
794	0	GICYCICGRGICRCICGR
795	0	GLTGGFYEPLVRRCSELMGR
796	0	GNQGRGNPVRSPLGFGSYTM
797	0	GSRIPTGERVWDRGNVTLLC
798	0	HCKFWA
799	0	HCKFWD
800	0	HCKFWL
801	0	HCKFWT
802	0	HLKILNTPNCALQ
803	0	HWSHGQNQWPLSCPQYVYGS
804	0	ILNTPNCALQIVA
805	0	ISSEVHIPLGDARLV
806	0	ITTYWGLHTGERDWHL
807	0	IVWQVDRM
808	0	KCPTPAIEPPTGTFGFFPGV
809	0	KNNNRQVCIDPKL
810	0	KPVSLS
811	0	KPVSLSY
812	0	KPVSLSYR
813	0	KPVSLSYRC
814	0	KPVSLSYRCP
815	0	KPVSLSYRCPCRFFE
816	0	KPVSLSYRCPCRFFES
817	0	LGDARLVITTYWGLHT
818	0	LGSSDRDTVVELSEWGVPCV
819	0	LQARILAVERYLKDQQQ
820	0	LSCPQYVYGSVSVTCVWGSV
821	0	LSSGRPDGFIHVQGHLQEVD
822	0	LSYRCPCRFFES
823	0	MENRWQVM
824	0	NRGLAA
825	0	NRQVCIDPKLKWI
826	0	NVKHLKILNTPNC
827	0	PCRFFES
828	0	PCRFFESHVARAN
829	0	PFDYGLKWQSCSCRANGSRI
830	0	PPINNCMPLGTEVSEALGGA
831	0	PVSLSYRCPCRFFES
832	0	QAVGWGDPITHWSHGQNQWP
833	0	QIVARLKNNNRQV
834	0	RCGTGPRLTKDLEAVPFVNR
835	0	RCPCRFFES
836	0	RHHYESPHPRISSEV
837	0	RIRTWKSLVKHHM
838	0	RNPVCPGYAWLSSGRPDGFI
839	0	SHVARANVKHLKI
840	0	SKIDVWSLVPVGSASCTIAA
841	0	SLSYRCPCRF
842	0	SLSYRCPCRFFES
843	0	SSESFTLLEQWNNWKLQLAEQWLEQINEKHYLEDIS
844	0	SWFASTGGRDSKIDVWSLVP
845	0	SYRCPC
846	0	TCILDRRPASCGTCVRDCWP
847	0	TEVSEALGGAGLTGGFYEPL
848	0	TGTFGFFPGVPPINNCMPLG
849	0	TKIRDSLHLVKCPTPAIEPP
850	0	TPNCALQIVARLK
851	0	TTPFTIRGPLGNQGRGNPVR
852	0	VCIDPKLKWIQEY
853	0	VGSASCTIAALGSSDRDTVV
854	0	VRRCSELMGRRNPVCPGYAW
855	0	VSLSYRCPCRFF
856	0	VSLSYRCPCRFFES
857	0	VSVTCVWGSVSWFASTGGRD
858	0	YRCPCRFFES
859	0	YRCPCRFFESHVA
860	0	SVSVGMKPSPRP
861	0	SVSVGTKPRPRP
862	0	SVSWGMKPSPRQ
863	0	TSYHRSA
864	0	CKWEEAKVKFHCQRTQSQPGSW
865	0	CTSDLPSSWGYMNCNCTNSSSS
866	0	EGPTLGNGAREIWATLFKKA
867	0	FHCQRTQSQPGSWFRAISSWKQ
868	0	FLYTAFAMQELGCNQNQFFC
869	0	GGKMLYNKVTKQLSYCTDPL
870	0	GKINISLCLTGGKMLYNKVT
871	0	GNTPNVSGANPVDCTMYSNK
872	0	GSWFRAISSWKQRNRWEWRPDF
873	0	GWWNQMAYYNSCKWEEAKVK
874	0	IFWDCWAPEEPACQDFLGAMIH
875	0	KIPLELWTRYNMTINQTIWN
876	0	KQRNRWEWRPDFKSKKVKISLPC
877	0	KRWNETITGPSGCANNTCYN
878	0	KSKKVKISLPCNSTKNLTFA
879	0	LKAKTNISIREGPTLGNWAR
880	0	MPEVEGEEIQPQMELRRNGR
881	0	NIAGNWSCTSDLPSSWGYMN
882	0	NMTINQTIWNHGNITLGEWY
883	0	PNQTCMWNTSQIQDPEIPKC
884	0	PPLVVPVEESEIIFWDCWAPEE
885	0	PQMELRRNGRQCGMSEKEEE
886	0	PVDCTMYSNKMYNCSLQNGF
887	0	QIPLINYTFGPNQTCMWNTS
888	0	QIQDPEIPKCGWWNQMAYYN
889	0	RNKSNLHTEARFRIRCRWNV
890	0	SGCANNTCYNVSVIVPDYQC
891	0	TGAWIEFGCHRNKSNLHTEA
892	0	TLVDCIRNCIHKILGYTVIA
893	0	YLDRVDTWLQGKINISLCLT
894	0	FDSQQGWFEGWFNRS
895	0	GLVRDNMAKLRERLK
896	0	KQRQQLFDSQQGWFEGWFNRSPWFT
897	0	QRQQLFDSQQGWFEG
898	0	RERLKQRQQLFDSQQ
899	0	YADHTGLVRDNMAKL
900	0	TTVKVHASDERLGPMPCRPKEIVSSAGPVM
901	0	VEDTLYGDHECGSLLQDAALYLVDGMTNTI
902	0	VKQCRWCGFDFDGPDGLPHYPIGKCILANE
903	0	VPTHLATDVELKEIQGMMDASEGTNYTCCK
904	0	WCNWHNIDPWIQLMNRTQADLAEGPPVKEC
905	0	FDIVKKIAGHIAGSI
906	0	GLFDIVKKIAGHIA
907	0	GLLQTIKEKLKEFAGGVVTGVQS
908	0	LDIVKKVVGAFGSL
909	0	AVSNPEATKC
910	0	CIKRDSP
911	0	DSHAKRHHGYKRKFHEKHH
912	0	FIQYLAPLIPHAVKAISDLI
913	0	FKCRRWQWRMKKAGA
914	0	FLEGFLVPKVVPGPTAALLKKALDD
915	0	GFMKYIGPLIPHAVKAISDLI
916	0	GLIQTIKEKLKELAGGLVTGIQS
917	0	GLLASLGKVLGGYLAEKLKP
918	0	GLLASLGKVLGGYLAEKLKPK
919	0	GLLDIVTGLLGNLIVDVLKPKTPAS
920	0	GLLGSIGKVLGGYLAEKLKPK
921	0	GLLGSIGNAIGAFIANKLKP
922	0	GLLGSIGNAIGAFIANKLKPK
923	0	GLLQTIKEKLKELATGLVIGVQS
924	0	GLLQTITEKLKEFAGGLVTGVQS
925	0	GLWQLIKDKFKDAATGFVTGIQS
926	0	GLWQLIKDKIKDAATGFVTGIQS
927	0	GLWQLIKDKLKDAATGFVTGIQS
928	0	GRRRRS
929	0	GRRRRSVQW
930	0	ILGTILGLLKSL
931	0	INWLKLGKAIIDAL
932	0	IVSYPDDAGEHAHKMG
933	0	KKKKKKKK
934	0	KKKKKKKKLLLLLLLL
935	0	KKWWKAKKFANSGPNA
936	0	KKWWKAQKAVNSGPNA
937	0	KLAKKLAKLAKKLAKLAKKLA
938	0	KVLKVLKVL
939	0	KWKSFIKKLTSAAKKVVTTAKPLISS
940	0	LKLKLKLKLKLKLK
941	0	LKLKLKLKLKLKLKLK
942	0	RGGRLTYTRPRFTVTVGR
943	0	RKVRGPPVSCIKRDSP
944	0	RNMRKVR
945	0	RRFPWWWPFRR
946	0	RRWQWR
947	0	TGCFQWQRN
948	0	TKCFGWGRN
949	0	TKCFQWQGN
950	0	TKCFQWQRN
951	0	VRNRVIARVGGVPYVGGPCYN
952	0	VRRFPWWWPFLRR
953	0	WALRWALRWALRWALRWALR
954	0	IIYCNRRTGKC
955	0	YCNRRTGKCQRM
956	0	KCRRWQWRMKKLGAPSITCVRRA
